City Name,Product Id,Product Name,Orders Quantity,Total Quantity
תל אביב,1346,נוזל מבשם ומחטא רצפות בניחוח בית מלון - J-FRESH,409,568
תל אביב,1394,מרכך כביסה מרוכז עם בישום יוקרתי - ניחוח בית מלון,367,506
תל אביב,1700,ג'ל כביסה בריח מבושם בית מלון 3 ליטרים,345,640
תל אביב,1556,ספריי מטהר אויר ניחוח בית מלון המקורי,310,638
תל אביב,1569,מבשם כביסה וטקסטיל בניחוח בית מלון המקורי,297,349
תל אביב,1616,דלי סחבות לחות לניקוי ורענון הרצפה - ניחוח בית מלון,294,325
תל אביב,1699, מרכך כביסה אולטרה מרוכז בניחוח בית מלון יוקרתי,250,356
תל אביב,1392, מרכך כביסה מרוכז עם בישום יוקרתי -ריח סבון מפנק,217,418
תל אביב,1657,מפיץ ריח על בסיס שמנים בניחוח בית מלון,211,303
תל אביב,1736,מבשם אויר שנמשך עד 24 שעות - ניחוח בית מלון,188,227
תל אביב,1705,נוזל לניקוי כלים בניחוח בית מלון ,184,286
תל אביב,1590,פניני ריח בניחוח מרכך הכביסה בית מלון,143,273
תל אביב,1393,מרכך  כביסה מרוכז עם בישום יוקרתי - ניחוח טלק תינוקי,130,178
תל אביב,1916,ג'ל אלכוהול לחיטוי ,123,431
תל אביב,1734,מרכך ומבשם כביסה אולטרה מרוכז בניחוח צליל שקד,119,191
תל אביב,1377,"OXY - מסיר כתמים קשים משטיחים, בגדים וריפודים",118,137
פתח תקווה,1346,נוזל מבשם ומחטא רצפות בניחוח בית מלון - J-FRESH,485,714
פתח תקווה,1394,מרכך כביסה מרוכז עם בישום יוקרתי - ניחוח בית מלון,324,451
פתח תקווה,1556,ספריי מטהר אויר ניחוח בית מלון המקורי,319,536
פתח תקווה,1569,מבשם כביסה וטקסטיל בניחוח בית מלון המקורי,287,343
פתח תקווה,1616,דלי סחבות לחות לניקוי ורענון הרצפה - ניחוח בית מלון,225,247
פתח תקווה,1657,מפיץ ריח על בסיס שמנים בניחוח בית מלון,216,322
פתח תקווה,1736,מבשם אויר שנמשך עד 24 שעות - ניחוח בית מלון,211,271
פתח תקווה,1700,ג'ל כביסה בריח מבושם בית מלון 3 ליטרים,205,301
פתח תקווה,1699, מרכך כביסה אולטרה מרוכז בניחוח בית מלון יוקרתי,197,264
פתח תקווה,1705,נוזל לניקוי כלים בניחוח בית מלון ,141,225
פתח תקווה,1347,נוזל מבשם ומחטא רצפות בניחוח אושיין - J-FRESH,121,174
פתח תקווה,1698,נוזל מבשם ומחטא רצפות בניחוח צליל שקד - J-FRESH,120,170
פתח תקווה,1590,פניני ריח בניחוח מרכך הכביסה בית מלון,117,202
פתח תקווה,1357,נוזל מבשם ומחטא רצפות בניחוח ארומה ספא - J-FRESH,112,146
פתח תקווה,1392, מרכך כביסה מרוכז עם בישום יוקרתי -ריח סבון מפנק,108,146
פתח תקווה,1734,מרכך ומבשם כביסה אולטרה מרוכז בניחוח צליל שקד,108,143
ראשון לציון,1346,נוזל מבשם ומחטא רצפות בניחוח בית מלון - J-FRESH,490,754
ראשון לציון,1394,מרכך כביסה מרוכז עם בישום יוקרתי - ניחוח בית מלון,365,483
ראשון לציון,1556,ספריי מטהר אויר ניחוח בית מלון המקורי,297,502
ראשון לציון,1569,מבשם כביסה וטקסטיל בניחוח בית מלון המקורי,269,307
ראשון לציון,1616,דלי סחבות לחות לניקוי ורענון הרצפה - ניחוח בית מלון,242,264
ראשון לציון,1657,מפיץ ריח על בסיס שמנים בניחוח בית מלון,190,262
ראשון לציון,1700,ג'ל כביסה בריח מבושם בית מלון 3 ליטרים,183,241
ראשון לציון,1699, מרכך כביסה אולטרה מרוכז בניחוח בית מלון יוקרתי,174,228
ראשון לציון,1736,מבשם אויר שנמשך עד 24 שעות - ניחוח בית מלון,157,209
ראשון לציון,1392, מרכך כביסה מרוכז עם בישום יוקרתי -ריח סבון מפנק,139,270
ראשון לציון,1564,BR75 - נוזל מרוכז לשטיפה וחיטוי כלים סניטרים ומומחה בהסרת אבנית,131,145
ראשון לציון,1705,נוזל לניקוי כלים בניחוח בית מלון ,121,165
ראשון לציון,1393,מרכך  כביסה מרוכז עם בישום יוקרתי - ניחוח טלק תינוקי,109,159
ראשון לציון,1590,פניני ריח בניחוח מרכך הכביסה בית מלון,109,243
ראשון לציון,1357,נוזל מבשם ומחטא רצפות בניחוח ארומה ספא - J-FRESH,102,112
ראשון לציון,1377,"OXY - מסיר כתמים קשים משטיחים, בגדים וריפודים",97,106
נתניה,1346,נוזל מבשם ומחטא רצפות בניחוח בית מלון - J-FRESH,313,433
נתניה,1394,מרכך כביסה מרוכז עם בישום יוקרתי - ניחוח בית מלון,218,295
נתניה,1556,ספריי מטהר אויר ניחוח בית מלון המקורי,218,363
נתניה,1569,מבשם כביסה וטקסטיל בניחוח בית מלון המקורי,166,202
נתניה,1700,ג'ל כביסה בריח מבושם בית מלון 3 ליטרים,148,206
נתניה,1699, מרכך כביסה אולטרה מרוכז בניחוח בית מלון יוקרתי,146,189
נתניה,1616,דלי סחבות לחות לניקוי ורענון הרצפה - ניחוח בית מלון,138,150
נתניה,1564,BR75 - נוזל מרוכז לשטיפה וחיטוי כלים סניטרים ומומחה בהסרת אבנית,125,137
נתניה,1657,מפיץ ריח על בסיס שמנים בניחוח בית מלון,122,171
נתניה,1736,מבשם אויר שנמשך עד 24 שעות - ניחוח בית מלון,110,121
נתניה,1705,נוזל לניקוי כלים בניחוח בית מלון ,105,143
נתניה,1377,"OXY - מסיר כתמים קשים משטיחים, בגדים וריפודים",92,104
נתניה,1393,מרכך  כביסה מרוכז עם בישום יוקרתי - ניחוח טלק תינוקי,78,105
נתניה,1590,פניני ריח בניחוח מרכך הכביסה בית מלון,74,157
נתניה,1698,נוזל מבשם ומחטא רצפות בניחוח צליל שקד - J-FRESH,68,77
נתניה,1761,SANIT-NF - נוזל לניקוי אבנית מסדרת מוצרי TENZI,68,91
ירושלים,1346,נוזל מבשם ומחטא רצפות בניחוח בית מלון - J-FRESH,322,510
ירושלים,1569,מבשם כביסה וטקסטיל בניחוח בית מלון המקורי,170,190
ירושלים,1394,מרכך כביסה מרוכז עם בישום יוקרתי - ניחוח בית מלון,168,240
ירושלים,1556,ספריי מטהר אויר ניחוח בית מלון המקורי,160,260
ירושלים,1699, מרכך כביסה אולטרה מרוכז בניחוח בית מלון יוקרתי,149,237
ירושלים,1616,דלי סחבות לחות לניקוי ורענון הרצפה - ניחוח בית מלון,146,171
ירושלים,1736,מבשם אויר שנמשך עד 24 שעות - ניחוח בית מלון,139,158
ירושלים,1700,ג'ל כביסה בריח מבושם בית מלון 3 ליטרים,136,181
ירושלים,1657,מפיץ ריח על בסיס שמנים בניחוח בית מלון,119,169
ירושלים,1705,נוזל לניקוי כלים בניחוח בית מלון ,99,152
ירושלים,1392, מרכך כביסה מרוכז עם בישום יוקרתי -ריח סבון מפנק,83,132
ירושלים,1393,מרכך  כביסה מרוכז עם בישום יוקרתי - ניחוח טלק תינוקי,80,115
ירושלים,1564,BR75 - נוזל מרוכז לשטיפה וחיטוי כלים סניטרים ומומחה בהסרת אבנית,64,75
ירושלים,1590,פניני ריח בניחוח מרכך הכביסה בית מלון,62,94
ירושלים,1916,ג'ל אלכוהול לחיטוי ,62,242
ירושלים,1763,TOP GLASS - חומר מקצועי לניקוי חלונות על בסיס כוהל - מסדרת מוצרי TENZI,59,78
חיפה,1346,נוזל מבשם ומחטא רצפות בניחוח בית מלון - J-FRESH,253,343
חיפה,1394,מרכך כביסה מרוכז עם בישום יוקרתי - ניחוח בית מלון,221,339
חיפה,1569,מבשם כביסה וטקסטיל בניחוח בית מלון המקורי,196,233
חיפה,1556,ספריי מטהר אויר ניחוח בית מלון המקורי,165,328
חיפה,1616,דלי סחבות לחות לניקוי ורענון הרצפה - ניחוח בית מלון,148,173
חיפה,1699, מרכך כביסה אולטרה מרוכז בניחוח בית מלון יוקרתי,143,188
חיפה,1700,ג'ל כביסה בריח מבושם בית מלון 3 ליטרים,136,182
חיפה,1736,מבשם אויר שנמשך עד 24 שעות - ניחוח בית מלון,116,159
חיפה,1657,מפיץ ריח על בסיס שמנים בניחוח בית מלון,114,177
חיפה,1564,BR75 - נוזל מרוכז לשטיפה וחיטוי כלים סניטרים ומומחה בהסרת אבנית,100,119
חיפה,1376,TANEX POWER - שפריצר לניקוי כללי,86,99
חיפה,1377,"OXY - מסיר כתמים קשים משטיחים, בגדים וריפודים",83,102
חיפה,1590,פניני ריח בניחוח מרכך הכביסה בית מלון,79,129
חיפה,1392, מרכך כביסה מרוכז עם בישום יוקרתי -ריח סבון מפנק,70,114
חיפה,1705,נוזל לניקוי כלים בניחוח בית מלון ,68,87
חיפה,1761,SANIT-NF - נוזל לניקוי אבנית מסדרת מוצרי TENZI,58,68
אשדוד,1346,נוזל מבשם ומחטא רצפות בניחוח בית מלון - J-FRESH,292,414
אשדוד,1394,מרכך כביסה מרוכז עם בישום יוקרתי - ניחוח בית מלון,243,317
אשדוד,1569,מבשם כביסה וטקסטיל בניחוח בית מלון המקורי,172,200
אשדוד,1556,ספריי מטהר אויר ניחוח בית מלון המקורי,164,288
אשדוד,1616,דלי סחבות לחות לניקוי ורענון הרצפה - ניחוח בית מלון,155,176
אשדוד,1700,ג'ל כביסה בריח מבושם בית מלון 3 ליטרים,126,159
אשדוד,1699, מרכך כביסה אולטרה מרוכז בניחוח בית מלון יוקרתי,123,156
אשדוד,1657,מפיץ ריח על בסיס שמנים בניחוח בית מלון,113,176
אשדוד,1590,פניני ריח בניחוח מרכך הכביסה בית מלון,95,149
אשדוד,1377,"OXY - מסיר כתמים קשים משטיחים, בגדים וריפודים",93,140
אשדוד,1736,מבשם אויר שנמשך עד 24 שעות - ניחוח בית מלון,89,107
אשדוד,1705,נוזל לניקוי כלים בניחוח בית מלון ,84,125
אשדוד,1734,מרכך ומבשם כביסה אולטרה מרוכז בניחוח צליל שקד,84,117
אשדוד,1392, מרכך כביסה מרוכז עם בישום יוקרתי -ריח סבון מפנק,76,110
אשדוד,1698,נוזל מבשם ומחטא רצפות בניחוח צליל שקד - J-FRESH,72,103
אשדוד,1211,ספרי קצף אקולוגי לניקוי כללי וחלונות GLASS CLEANER ,64,85
רמת גן,1346,נוזל מבשם ומחטא רצפות בניחוח בית מלון - J-FRESH,261,387
רמת גן,1394,מרכך כביסה מרוכז עם בישום יוקרתי - ניחוח בית מלון,203,297
רמת גן,1569,מבשם כביסה וטקסטיל בניחוח בית מלון המקורי,190,226
רמת גן,1556,ספריי מטהר אויר ניחוח בית מלון המקורי,186,304
רמת גן,1616,דלי סחבות לחות לניקוי ורענון הרצפה - ניחוח בית מלון,152,167
רמת גן,1700,ג'ל כביסה בריח מבושם בית מלון 3 ליטרים,144,193
רמת גן,1699, מרכך כביסה אולטרה מרוכז בניחוח בית מלון יוקרתי,122,170
רמת גן,1657,מפיץ ריח על בסיס שמנים בניחוח בית מלון,120,190
רמת גן,1392, מרכך כביסה מרוכז עם בישום יוקרתי -ריח סבון מפנק,97,134
רמת גן,1705,נוזל לניקוי כלים בניחוח בית מלון ,97,143
רמת גן,1736,מבשם אויר שנמשך עד 24 שעות - ניחוח בית מלון,96,119
רמת גן,1393,מרכך  כביסה מרוכז עם בישום יוקרתי - ניחוח טלק תינוקי,72,88
רמת גן,1564,BR75 - נוזל מרוכז לשטיפה וחיטוי כלים סניטרים ומומחה בהסרת אבנית,70,74
רמת גן,1590,פניני ריח בניחוח מרכך הכביסה בית מלון,69,111
רמת גן,1568,מבשם כביסה וטקסטיל בניחוח סבון מפנק,62,82
רמת גן,1377,"OXY - מסיר כתמים קשים משטיחים, בגדים וריפודים",62,72
באר שבע,1346,נוזל מבשם ומחטא רצפות בניחוח בית מלון - J-FRESH,241,370
באר שבע,1394,מרכך כביסה מרוכז עם בישום יוקרתי - ניחוח בית מלון,182,280
באר שבע,1569,מבשם כביסה וטקסטיל בניחוח בית מלון המקורי,161,243
באר שבע,1556,ספריי מטהר אויר ניחוח בית מלון המקורי,154,288
באר שבע,1657,מפיץ ריח על בסיס שמנים בניחוח בית מלון,99,167
באר שבע,1699, מרכך כביסה אולטרה מרוכז בניחוח בית מלון יוקרתי,97,117
באר שבע,1736,מבשם אויר שנמשך עד 24 שעות - ניחוח בית מלון,88,117
באר שבע,1705,נוזל לניקוי כלים בניחוח בית מלון ,78,130
באר שבע,1700,ג'ל כביסה בריח מבושם בית מלון 3 ליטרים,75,105
באר שבע,1564,BR75 - נוזל מרוכז לשטיפה וחיטוי כלים סניטרים ומומחה בהסרת אבנית,74,85
באר שבע,1616,דלי סחבות לחות לניקוי ורענון הרצפה - ניחוח בית מלון,72,76
באר שבע,1392, מרכך כביסה מרוכז עם בישום יוקרתי -ריח סבון מפנק,69,112
באר שבע,1377,"OXY - מסיר כתמים קשים משטיחים, בגדים וריפודים",69,79
באר שבע,1698,נוזל מבשם ומחטא רצפות בניחוח צליל שקד - J-FRESH,61,76
באר שבע,1590,פניני ריח בניחוח מרכך הכביסה בית מלון,59,95
באר שבע,1636,שפריצר אקולוגי לניקוי מקלחונים על בסיס לימון FROSCH,57,65
חולון,1346,נוזל מבשם ומחטא רצפות בניחוח בית מלון - J-FRESH,306,383
חולון,1394,מרכך כביסה מרוכז עם בישום יוקרתי - ניחוח בית מלון,241,333
חולון,1569,מבשם כביסה וטקסטיל בניחוח בית מלון המקורי,213,250
חולון,1556,ספריי מטהר אויר ניחוח בית מלון המקורי,181,380
חולון,1616,דלי סחבות לחות לניקוי ורענון הרצפה - ניחוח בית מלון,137,147
חולון,1736,מבשם אויר שנמשך עד 24 שעות - ניחוח בית מלון,108,120
חולון,1699, מרכך כביסה אולטרה מרוכז בניחוח בית מלון יוקרתי,104,121
חולון,1657,מפיץ ריח על בסיס שמנים בניחוח בית מלון,101,126
חולון,1705,נוזל לניקוי כלים בניחוח בית מלון ,78,101
חולון,1590,פניני ריח בניחוח מרכך הכביסה בית מלון,76,127
חולון,1700,ג'ל כביסה בריח מבושם בית מלון 3 ליטרים,73,79
חולון,1392, מרכך כביסה מרוכז עם בישום יוקרתי -ריח סבון מפנק,62,85
חולון,1376,TANEX POWER - שפריצר לניקוי כללי,49,52
חולון,1347,נוזל מבשם ומחטא רצפות בניחוח אושן - J-FRESH,48,67
חולון,1393,מרכך  כביסה מרוכז עם בישום יוקרתי - ניחוח טלק תינוקי,48,52
חולון,1211,ספרי קצף אקולוגי לניקוי כללי וחלונות GLASS CLEANER ,48,54
רחובות,1346,נוזל מבשם ומחטא רצפות בניחוח בית מלון - J-FRESH,243,415
רחובות,1394,מרכך כביסה מרוכז עם בישום יוקרתי - ניחוח בית מלון,159,196
רחובות,1569,מבשם כביסה וטקסטיל בניחוח בית מלון המקורי,141,216
רחובות,1556,ספריי מטהר אויר ניחוח בית מלון המקורי,137,216
רחובות,1616,דלי סחבות לחות לניקוי ורענון הרצפה - ניחוח בית מלון,107,108
רחובות,1657,מפיץ ריח על בסיס שמנים בניחוח בית מלון,105,130
רחובות,1564,BR75 - נוזל מרוכז לשטיפה וחיטוי כלים סניטרים ומומחה בהסרת אבנית,87,104
רחובות,1377,"OXY - מסיר כתמים קשים משטיחים, בגדים וריפודים",84,96
רחובות,1699, מרכך כביסה אולטרה מרוכז בניחוח בית מלון יוקרתי,83,120
רחובות,1736,מבשם אויר שנמשך עד 24 שעות - ניחוח בית מלון,73,86
רחובות,1700,ג'ל כביסה בריח מבושם בית מלון 3 ליטרים,72,95
רחובות,1705,נוזל לניקוי כלים בניחוח בית מלון ,68,95
רחובות,1734,מרכך ומבשם כביסה אולטרה מרוכז בניחוח צליל שקד,66,96
רחובות,1590,פניני ריח בניחוח מרכך הכביסה בית מלון,65,153
רחובות,1668,ספריי מטהר אויר - ניחוח צליל שקד,62,82
רחובות,1376,TANEX POWER - שפריצר לניקוי כללי,58,63
ראש העין,1346,נוזל מבשם ומחטא רצפות בניחוח בית מלון - J-FRESH,184,353
ראש העין,1556,ספריי מטהר אויר ניחוח בית מלון המקורי,143,260
ראש העין,1394,מרכך כביסה מרוכז עם בישום יוקרתי - ניחוח בית מלון,115,170
ראש העין,1569,מבשם כביסה וטקסטיל בניחוח בית מלון המקורי,97,145
ראש העין,1699, מרכך כביסה אולטרה מרוכז בניחוח בית מלון יוקרתי,92,129
ראש העין,1700,ג'ל כביסה בריח מבושם בית מלון 3 ליטרים,90,130
ראש העין,1616,דלי סחבות לחות לניקוי ורענון הרצפה - ניחוח בית מלון,84,100
ראש העין,1657,מפיץ ריח על בסיס שמנים בניחוח בית מלון,78,111
ראש העין,1736,מבשם אויר שנמשך עד 24 שעות - ניחוח בית מלון,74,85
ראש העין,1564,BR75 - נוזל מרוכז לשטיפה וחיטוי כלים סניטרים ומומחה בהסרת אבנית,72,95
ראש העין,1763,TOP GLASS - חומר מקצועי לניקוי חלונות על בסיס כוהל - מסדרת מוצרי TENZI,55,65
ראש העין,1698,נוזל מבשם ומחטא רצפות בניחוח צליל שקד - J-FRESH,51,73
ראש העין,1376,TANEX POWER - שפריצר לניקוי כללי,49,57
ראש העין,1705,נוזל לניקוי כלים בניחוח בית מלון ,49,67
ראש העין,1668,ספריי מטהר אויר - ניחוח צליל שקד,45,72
ראש העין,1594,ספריי מטהר אויר - ניחוח הרמוניית המדבר,42,81
אשקלון,1346,נוזל מבשם ומחטא רצפות בניחוח בית מלון - J-FRESH,172,234
אשקלון,1394,מרכך כביסה מרוכז עם בישום יוקרתי - ניחוח בית מלון,128,164
אשקלון,1556,ספריי מטהר אויר ניחוח בית מלון המקורי,93,149
אשקלון,1616,דלי סחבות לחות לניקוי ורענון הרצפה - ניחוח בית מלון,89,106
אשקלון,1569,מבשם כביסה וטקסטיל בניחוח בית מלון המקורי,82,116
אשקלון,1700,ג'ל כביסה בריח מבושם בית מלון 3 ליטרים,79,116
אשקלון,1699, מרכך כביסה אולטרה מרוכז בניחוח בית מלון יוקרתי,79,114
אשקלון,1377,"OXY - מסיר כתמים קשים משטיחים, בגדים וריפודים",59,63
אשקלון,1698,נוזל מבשם ומחטא רצפות בניחוח צליל שקד - J-FRESH,57,81
אשקלון,1736,מבשם אויר שנמשך עד 24 שעות - ניחוח בית מלון,57,74
אשקלון,1657,מפיץ ריח על בסיס שמנים בניחוח בית מלון,54,76
אשקלון,1376,TANEX POWER - שפריצר לניקוי כללי,53,65
אשקלון,1763,TOP GLASS - חומר מקצועי לניקוי חלונות על בסיס כוהל - מסדרת מוצרי TENZI,53,63
אשקלון,1705,נוזל לניקוי כלים בניחוח בית מלון ,51,78
אשקלון,1590,פניני ריח בניחוח מרכך הכביסה בית מלון,46,80
אשקלון,1564,BR75 - נוזל מרוכז לשטיפה וחיטוי כלים סניטרים ומומחה בהסרת אבנית,46,57
חדרה,1346,נוזל מבשם ומחטא רצפות בניחוח בית מלון - J-FRESH,173,228
חדרה,1394,מרכך כביסה מרוכז עם בישום יוקרתי - ניחוח בית מלון,150,199
חדרה,1569,מבשם כביסה וטקסטיל בניחוח בית מלון המקורי,114,135
חדרה,1556,ספריי מטהר אויר ניחוח בית מלון המקורי,113,190
חדרה,1699, מרכך כביסה אולטרה מרוכז בניחוח בית מלון יוקרתי,97,127
חדרה,1616,דלי סחבות לחות לניקוי ורענון הרצפה - ניחוח בית מלון,90,98
חדרה,1736,מבשם אויר שנמשך עד 24 שעות - ניחוח בית מלון,90,109
חדרה,1700,ג'ל כביסה בריח מבושם בית מלון 3 ליטרים,88,130
חדרה,1657,מפיץ ריח על בסיס שמנים בניחוח בית מלון,62,78
חדרה,1705,נוזל לניקוי כלים בניחוח בית מלון ,62,83
חדרה,1564,BR75 - נוזל מרוכז לשטיפה וחיטוי כלים סניטרים ומומחה בהסרת אבנית,60,66
חדרה,1377,"OXY - מסיר כתמים קשים משטיחים, בגדים וריפודים",59,64
חדרה,1392, מרכך כביסה מרוכז עם בישום יוקרתי -ריח סבון מפנק,56,78
חדרה,1376,TANEX POWER - שפריצר לניקוי כללי,52,89
חדרה,1734,מרכך ומבשם כביסה אולטרה מרוכז בניחוח צליל שקד,52,85
חדרה,1393,מרכך  כביסה מרוכז עם בישום יוקרתי - ניחוח טלק תינוקי,49,54
גבעתיים,1346,נוזל מבשם ומחטא רצפות בניחוח בית מלון - J-FRESH,129,203
גבעתיים,1394,מרכך כביסה מרוכז עם בישום יוקרתי - ניחוח בית מלון,127,163
גבעתיים,1700,ג'ל כביסה בריח מבושם בית מלון 3 ליטרים,113,164
גבעתיים,1569,מבשם כביסה וטקסטיל בניחוח בית מלון המקורי,89,101
גבעתיים,1392, מרכך כביסה מרוכז עם בישום יוקרתי -ריח סבון מפנק,75,217
גבעתיים,1616,דלי סחבות לחות לניקוי ורענון הרצפה - ניחוח בית מלון,73,85
גבעתיים,1556,ספריי מטהר אויר ניחוח בית מלון המקורי,70,96
גבעתיים,1699, מרכך כביסה אולטרה מרוכז בניחוח בית מלון יוקרתי,64,83
גבעתיים,1657,מפיץ ריח על בסיס שמנים בניחוח בית מלון,63,88
גבעתיים,1705,נוזל לניקוי כלים בניחוח בית מלון ,55,82
גבעתיים,1590,פניני ריח בניחוח מרכך הכביסה בית מלון,38,57
גבעתיים,1393,מרכך  כביסה מרוכז עם בישום יוקרתי - ניחוח טלק תינוקי,36,48
גבעתיים,1736,מבשם אויר שנמשך עד 24 שעות - ניחוח בית מלון,35,40
גבעתיים,1564,BR75 - נוזל מרוכז לשטיפה וחיטוי כלים סניטרים ומומחה בהסרת אבנית,34,37
גבעתיים,1617,מרכך כביסה מרוכז עם בישום יוקרתי - ניחוח שירת הפרחים,30,45
גבעתיים,1568,מבשם כביסה וטקסטיל בניחוח סבון מפנק,30,33
כפר סבא,1700,ג'ל כביסה בריח מבושם בית מלון 3 ליטרים,100,151
כפר סבא,1346,נוזל מבשם ומחטא רצפות בניחוח בית מלון - J-FRESH,99,147
כפר סבא,1394,מרכך כביסה מרוכז עם בישום יוקרתי - ניחוח בית מלון,75,91
כפר סבא,1699, מרכך כביסה אולטרה מרוכז בניחוח בית מלון יוקרתי,71,95
כפר סבא,1569,מבשם כביסה וטקסטיל בניחוח בית מלון המקורי,70,100
כפר סבא,1556,ספריי מטהר אויר ניחוח בית מלון המקורי,55,88
כפר סבא,1736,מבשם אויר שנמשך עד 24 שעות - ניחוח בית מלון,53,61
כפר סבא,1616,דלי סחבות לחות לניקוי ורענון הרצפה - ניחוח בית מלון,52,55
כפר סבא,1657,מפיץ ריח על בסיס שמנים בניחוח בית מלון,49,74
כפר סבא,1590,פניני ריח בניחוח מרכך הכביסה בית מלון,47,101
כפר סבא,1916,ג'ל אלכוהול לחיטוי ,46,129
כפר סבא,1934,מסכת פנים  KN95,45,286
כפר סבא,1705,נוזל לניקוי כלים בניחוח בית מלון ,41,70
כפר סבא,1564,BR75 - נוזל מרוכז לשטיפה וחיטוי כלים סניטרים ומומחה בהסרת אבנית,38,47
כפר סבא,1376,TANEX POWER - שפריצר לניקוי כללי,30,34
כפר סבא,1734,מרכך ומבשם כביסה אולטרה מרוכז בניחוח צליל שקד,25,26
באר יעקב,1346,נוזל מבשם ומחטא רצפות בניחוח בית מלון - J-FRESH,183,302
באר יעקב,1394,מרכך כביסה מרוכז עם בישום יוקרתי - ניחוח בית מלון,107,190
באר יעקב,1556,ספריי מטהר אויר ניחוח בית מלון המקורי,91,179
באר יעקב,1569,מבשם כביסה וטקסטיל בניחוח בית מלון המקורי,72,74
באר יעקב,1657,מפיץ ריח על בסיס שמנים בניחוח בית מלון,65,103
באר יעקב,1564,BR75 - נוזל מרוכז לשטיפה וחיטוי כלים סניטרים ומומחה בהסרת אבנית,63,72
באר יעקב,1699, מרכך כביסה אולטרה מרוכז בניחוח בית מלון יוקרתי,63,100
באר יעקב,1466,TASONIL - ג'ל ריחני ואנטי בקטיראלי לניקוי חדרי רחצה ושירותים ומומחה בהסרת אבנית,51,62
באר יעקב,1616,דלי סחבות לחות לניקוי ורענון הרצפה - ניחוח בית מלון,51,54
באר יעקב,1705,נוזל לניקוי כלים בניחוח בית מלון ,45,63
באר יעקב,1736,מבשם אויר שנמשך עד 24 שעות - ניחוח בית מלון,44,52
באר יעקב,1590,פניני ריח בניחוח מרכך הכביסה בית מלון,43,86
באר יעקב,1377,"OXY - מסיר כתמים קשים משטיחים, בגדים וריפודים",43,44
באר יעקב,1700,ג'ל כביסה בריח מבושם בית מלון 3 ליטרים,43,61
באר יעקב,1742, ערכת ניקוי חלונות מקצועית,32,41
באר יעקב,1392, מרכך כביסה מרוכז עם בישום יוקרתי -ריח סבון מפנק,31,49
יבנה,1346,נוזל מבשם ומחטא רצפות בניחוח בית מלון - J-FRESH,147,221
יבנה,1394,מרכך כביסה מרוכז עם בישום יוקרתי - ניחוח בית מלון,93,118
יבנה,1556,ספריי מטהר אויר ניחוח בית מלון המקורי,85,158
יבנה,1569,מבשם כביסה וטקסטיל בניחוח בית מלון המקורי,85,98
יבנה,1657,מפיץ ריח על בסיס שמנים בניחוח בית מלון,74,113
יבנה,1699, מרכך כביסה אולטרה מרוכז בניחוח בית מלון יוקרתי,68,81
יבנה,1700,ג'ל כביסה בריח מבושם בית מלון 3 ליטרים,51,63
יבנה,1564,BR75 - נוזל מרוכז לשטיפה וחיטוי כלים סניטרים ומומחה בהסרת אבנית,48,56
יבנה,1616,דלי סחבות לחות לניקוי ורענון הרצפה - ניחוח בית מלון,44,46
יבנה,1698,נוזל מבשם ומחטא רצפות בניחוח צליל שקד - J-FRESH,44,61
יבנה,1347,נוזל מבשם ומחטא רצפות בניחוח אושיין - J-FRESH,39,60
יבנה,1734,מרכך ומבשם כביסה אולטרה מרוכז בניחוח צליל שקד,39,53
יבנה,1736,מבשם אויר שנמשך עד 24 שעות - ניחוח בית מלון,39,45
יבנה,1376,TANEX POWER - שפריצר לניקוי כללי,38,42
יבנה,1763,TOP GLASS - חומר מקצועי לניקוי חלונות על בסיס כוהל - מסדרת מוצרי TENZI,38,50
יבנה,1590,פניני ריח בניחוח מרכך הכביסה בית מלון,37,53
בת ים,1346,נוזל מבשם ומחטא רצפות בניחוח בית מלון - J-FRESH,144,211
בת ים,1394,מרכך כביסה מרוכז עם בישום יוקרתי - ניחוח בית מלון,90,106
בת ים,1556,ספריי מטהר אויר ניחוח בית מלון המקורי,89,126
בת ים,1569,מבשם כביסה וטקסטיל בניחוח בית מלון המקורי,83,99
בת ים,1657,מפיץ ריח על בסיס שמנים בניחוח בית מלון,74,110
בת ים,1616,דלי סחבות לחות לניקוי ורענון הרצפה - ניחוח בית מלון,71,77
בת ים,1699, מרכך כביסה אולטרה מרוכז בניחוח בית מלון יוקרתי,60,72
בת ים,1392, מרכך כביסה מרוכז עם בישום יוקרתי -ריח סבון מפנק,45,63
בת ים,1700,ג'ל כביסה בריח מבושם בית מלון 3 ליטרים,45,52
בת ים,1393,מרכך  כביסה מרוכז עם בישום יוקרתי - ניחוח טלק תינוקי,42,50
בת ים,1736,מבשם אויר שנמשך עד 24 שעות - ניחוח בית מלון,40,42
בת ים,1590,פניני ריח בניחוח מרכך הכביסה בית מלון,34,58
בת ים,1377,"OXY - מסיר כתמים קשים משטיחים, בגדים וריפודים",34,39
בת ים,1466,TASONIL - ג'ל ריחני ואנטי בקטיראלי לניקוי חדרי רחצה ושירותים ומומחה בהסרת אבנית,29,30
בת ים,1705,נוזל לניקוי כלים בניחוח בית מלון ,28,37
בת ים,1734,מרכך ומבשם כביסה אולטרה מרוכז בניחוח צליל שקד,27,37
הוד השרון,1346,נוזל מבשם ומחטא רצפות בניחוח בית מלון - J-FRESH,93,120
הוד השרון,1700,ג'ל כביסה בריח מבושם בית מלון 3 ליטרים,79,130
הוד השרון,1394,מרכך כביסה מרוכז עם בישום יוקרתי - ניחוח בית מלון,72,115
הוד השרון,1916,ג'ל אלכוהול לחיטוי ,60,161
הוד השרון,1657,מפיץ ריח על בסיס שמנים בניחוח בית מלון,55,89
הוד השרון,1699, מרכך כביסה אולטרה מרוכז בניחוח בית מלון יוקרתי,52,79
הוד השרון,1392, מרכך כביסה מרוכז עם בישום יוקרתי -ריח סבון מפנק,50,79
הוד השרון,1616,דלי סחבות לחות לניקוי ורענון הרצפה - ניחוח בית מלון,50,51
הוד השרון,1723,שקיות אשפה ריחניות-ניחוח אושיין,50,65
הוד השרון,1569,מבשם כביסה וטקסטיל בניחוח בית מלון המקורי,46,57
הוד השרון,1705,נוזל לניקוי כלים בניחוח בית מלון ,44,57
הוד השרון,1934,מסכת פנים  KN95,43,258
הוד השרון,1466,TASONIL - ג'ל ריחני ואנטי בקטיראלי לניקוי חדרי רחצה ושירותים ומומחה בהסרת אבנית,37,48
הוד השרון,1211,ספרי קצף אקולוגי לניקוי כללי וחלונות GLASS CLEANER ,36,52
הוד השרון,1556,ספריי מטהר אויר ניחוח בית מלון המקורי,36,58
הוד השרון,1564,BR75 - נוזל מרוכז לשטיפה וחיטוי כלים סניטרים ומומחה בהסרת אבנית,34,40
רמלה,1346,נוזל מבשם ומחטא רצפות בניחוח בית מלון - J-FRESH,176,272
רמלה,1569,מבשם כביסה וטקסטיל בניחוח בית מלון המקורי,132,170
רמלה,1394,מרכך כביסה מרוכז עם בישום יוקרתי - ניחוח בית מלון,121,170
רמלה,1556,ספריי מטהר אויר ניחוח בית מלון המקורי,104,179
רמלה,1616,דלי סחבות לחות לניקוי ורענון הרצפה - ניחוח בית מלון,73,88
רמלה,1699, מרכך כביסה אולטרה מרוכז בניחוח בית מלון יוקרתי,59,72
רמלה,1700,ג'ל כביסה בריח מבושם בית מלון 3 ליטרים,56,68
רמלה,1736,מבשם אויר שנמשך עד 24 שעות - ניחוח בית מלון,49,67
רמלה,1657,מפיץ ריח על בסיס שמנים בניחוח בית מלון,46,76
רמלה,1705,נוזל לניקוי כלים בניחוח בית מלון ,44,70
רמלה,1564,BR75 - נוזל מרוכז לשטיפה וחיטוי כלים סניטרים ומומחה בהסרת אבנית,41,47
רמלה,1392, מרכך כביסה מרוכז עם בישום יוקרתי -ריח סבון מפנק,39,85
רמלה,1763,TOP GLASS - חומר מקצועי לניקוי חלונות על בסיס כוהל - מסדרת מוצרי TENZI,38,46
רמלה,1734,מרכך ומבשם כביסה אולטרה מרוכז בניחוח צליל שקד,36,47
רמלה,1466,TASONIL - ג'ל ריחני ואנטי בקטיראלי לניקוי חדרי רחצה ושירותים ומומחה בהסרת אבנית,33,37
רמלה,1669, מבשם כביסה צליל שקד  700 מ&quot;ל,33,39
הרצליה,1346,נוזל מבשם ומחטא רצפות בניחוח בית מלון - J-FRESH,95,150
הרצליה,1394,מרכך כביסה מרוכז עם בישום יוקרתי - ניחוח בית מלון,83,115
הרצליה,1569,מבשם כביסה וטקסטיל בניחוח בית מלון המקורי,78,106
הרצליה,1699, מרכך כביסה אולטרה מרוכז בניחוח בית מלון יוקרתי,60,101
הרצליה,1616,דלי סחבות לחות לניקוי ורענון הרצפה - ניחוח בית מלון,59,63
הרצליה,1700,ג'ל כביסה בריח מבושם בית מלון 3 ליטרים,55,83
הרצליה,1736,מבשם אויר שנמשך עד 24 שעות - ניחוח בית מלון,48,55
הרצליה,1657,מפיץ ריח על בסיס שמנים בניחוח בית מלון,47,72
הרצליה,1556,ספריי מטהר אויר ניחוח בית מלון המקורי,43,71
הרצליה,1590,פניני ריח בניחוח מרכך הכביסה בית מלון,39,94
הרצליה,1916,ג'ל אלכוהול לחיטוי ,35,149
הרצליה,1746,נוזל פרקט בניחוח בית מלון,32,37
הרצליה,1377,"OXY - מסיר כתמים קשים משטיחים, בגדים וריפודים",30,30
הרצליה,1564,BR75 - נוזל מרוכז לשטיפה וחיטוי כלים סניטרים ומומחה בהסרת אבנית,29,36
הרצליה,1934,FILTER FACE MASK,26,143
הרצליה,1705,נוזל לניקוי כלים בניחוח בית מלון ,25,37
מודיעין,1346,נוזל מבשם ומחטא רצפות בניחוח בית מלון - J-FRESH,81,105
מודיעין,1394,מרכך כביסה מרוכז עם בישום יוקרתי - ניחוח בית מלון,73,95
מודיעין,1556,ספריי מטהר אויר ניחוח בית מלון המקורי,57,112
מודיעין,1699, מרכך כביסה אולטרה מרוכז בניחוח בית מלון יוקרתי,48,59
מודיעין,1616,דלי סחבות לחות לניקוי ורענון הרצפה - ניחוח בית מלון,46,53
מודיעין,1569,מבשם כביסה וטקסטיל בניחוח בית מלון המקורי,42,45
מודיעין,1700,ג'ל כביסה בריח מבושם בית מלון 3 ליטרים,40,50
מודיעין,1564,BR75 - נוזל מרוכז לשטיפה וחיטוי כלים סניטרים ומומחה בהסרת אבנית,31,35
מודיעין,1657,מפיץ ריח על בסיס שמנים בניחוח בית מלון,30,43
מודיעין,1734,מרכך ומבשם כביסה אולטרה מרוכז בניחוח צליל שקד,28,34
מודיעין,1736,מבשם אויר שנמשך עד 24 שעות - ניחוח בית מלון,27,44
מודיעין,1748,מרכך כביסה אולטרה מרוכז בניחוח פרש,27,32
מודיעין,1763,TOP GLASS - חומר מקצועי לניקוי חלונות על בסיס כוהל - מסדרת מוצרי TENZI,27,37
מודיעין,1624,ספריי מטהר אויר - ניחוח פרש  ,26,50
מודיעין,1705,נוזל לניקוי כלים בניחוח בית מלון ,26,33
מודיעין,1347,נוזל מבשם ומחטא רצפות בניחוח אושיין - J-FRESH,23,29
נהריה,1346,נוזל מבשם ומחטא רצפות בניחוח בית מלון - J-FRESH,137,186
נהריה,1556,ספריי מטהר אויר ניחוח בית מלון המקורי,88,135
נהריה,1394,מרכך כביסה מרוכז עם בישום יוקרתי - ניחוח בית מלון,79,120
נהריה,1569,מבשם כביסה וטקסטיל בניחוח בית מלון המקורי,75,86
נהריה,1736,מבשם אויר שנמשך עד 24 שעות - ניחוח בית מלון,70,76
נהריה,1700,ג'ל כביסה בריח מבושם בית מלון 3 ליטרים,66,140
נהריה,1616,דלי סחבות לחות לניקוי ורענון הרצפה - ניחוח בית מלון,61,68
נהריה,1564,BR75 - נוזל מרוכז לשטיפה וחיטוי כלים סניטרים ומומחה בהסרת אבנית,55,61
נהריה,1699, מרכך כביסה אולטרה מרוכז בניחוח בית מלון יוקרתי,51,60
נהריה,1657,מפיץ ריח על בסיס שמנים בניחוח בית מלון,46,54
נהריה,1705,נוזל לניקוי כלים בניחוח בית מלון ,44,91
נהריה,1377,"OXY - מסיר כתמים קשים משטיחים, בגדים וריפודים",44,53
נהריה,1763,TOP GLASS - חומר מקצועי לניקוי חלונות על בסיס כוהל - מסדרת מוצרי TENZI,34,44
נהריה,1698,נוזל מבשם ומחטא רצפות בניחוח צליל שקד - J-FRESH,33,42
נהריה,1669, מבשם כביסה צליל שקד  700 מ&quot;ל,31,33
נהריה,1737,מבשם אויר בניחוח שנמשך עד 24 שעות -  צליל שקד,30,31
נס ציונה,1346,נוזל מבשם ומחטא רצפות בניחוח בית מלון - J-FRESH,80,132
נס ציונה,1394,מרכך כביסה מרוכז עם בישום יוקרתי - ניחוח בית מלון,70,122
נס ציונה,1700,ג'ל כביסה בריח מבושם בית מלון 3 ליטרים,63,173
נס ציונה,1616,דלי סחבות לחות לניקוי ורענון הרצפה - ניחוח בית מלון,53,62
נס ציונה,1569,מבשם כביסה וטקסטיל בניחוח בית מלון המקורי,46,53
נס ציונה,1657,מפיץ ריח על בסיס שמנים בניחוח בית מלון,44,66
נס ציונה,1705,נוזל לניקוי כלים בניחוח בית מלון ,44,83
נס ציונה,1556,ספריי מטהר אויר ניחוח בית מלון המקורי,36,93
נס ציונה,1698,נוזל מבשם ומחטא רצפות בניחוח צליל שקד - J-FRESH,32,49
נס ציונה,1699, מרכך כביסה אולטרה מרוכז בניחוח בית מלון יוקרתי,32,44
נס ציונה,1357,נוזל מבשם ומחטא רצפות בניחוח ארומה ספא - J-FRESH,30,41
נס ציונה,1735,דלי סחבות לחות לניקוי ורענון הרצפה - ניחוח צליל שקד,27,56
נס ציונה,1750,דלי מטליות לחות- ניחוח פיור סנס,27,36
נס ציונה,1564,BR75 - נוזל מרוכז לשטיפה וחיטוי כלים סניטרים ומומחה בהסרת אבנית,26,31
נס ציונה,1736,מבשם אויר שנמשך עד 24 שעות - ניחוח בית מלון,26,27
נס ציונה,1590,פניני ריח בניחוח מרכך הכביסה בית מלון,25,40
קרית אתא,1394,מרכך כביסה מרוכז עם בישום יוקרתי - ניחוח בית מלון,105,155
קרית אתא,1346,נוזל מבשם ומחטא רצפות בניחוח בית מלון - J-FRESH,99,140
קרית אתא,1556,ספריי מטהר אויר ניחוח בית מלון המקורי,57,91
קרית אתא,1569,מבשם כביסה וטקסטיל בניחוח בית מלון המקורי,56,63
קרית אתא,1616,דלי סחבות לחות לניקוי ורענון הרצפה - ניחוח בית מלון,52,56
קרית אתא,1700,ג'ל כביסה בריח מבושם בית מלון 3 ליטרים,51,70
קרית אתא,1392, מרכך כביסה מרוכז עם בישום יוקרתי -ריח סבון מפנק,50,64
קרית אתא,1699, מרכך כביסה אולטרה מרוכז בניחוח בית מלון יוקרתי,42,55
קרית אתא,1393,מרכך  כביסה מרוכז עם בישום יוקרתי - ניחוח טלק תינוקי,37,41
קרית אתא,1657,מפיץ ריח על בסיס שמנים בניחוח בית מלון,32,42
קרית אתא,1705,נוזל לניקוי כלים בניחוח בית מלון ,32,40
קרית אתא,1347,נוזל מבשם ומחטא רצפות בניחוח אושיין - J-FRESH,27,38
קרית אתא,1698,נוזל מבשם ומחטא רצפות בניחוח צליל שקד - J-FRESH,26,33
קרית אתא,1734,מרכך ומבשם כביסה אולטרה מרוכז בניחוח צליל שקד,26,30
קרית אתא,1564,BR75 - נוזל מרוכז לשטיפה וחיטוי כלים סניטרים ומומחה בהסרת אבנית,25,29
קרית אתא,1736,מבשם אויר שנמשך עד 24 שעות - ניחוח בית מלון,24,28
עפולה,1346,נוזל מבשם ומחטא רצפות בניחוח בית מלון - J-FRESH,121,175
עפולה,1394,מרכך כביסה מרוכז עם בישום יוקרתי - ניחוח בית מלון,81,112
עפולה,1569,מבשם כביסה וטקסטיל בניחוח בית מלון המקורי,71,86
עפולה,1556,ספריי מטהר אויר ניחוח בית מלון המקורי,69,117
עפולה,1616,דלי סחבות לחות לניקוי ורענון הרצפה - ניחוח בית מלון,52,58
עפולה,1377,"OXY - מסיר כתמים קשים משטיחים, בגדים וריפודים",33,35
עפולה,1657,מפיץ ריח על בסיס שמנים בניחוח בית מלון,33,45
עפולה,1700,ג'ל כביסה בריח מבושם בית מלון 3 ליטרים,31,41
עפולה,1734,מרכך ומבשם כביסה אולטרה מרוכז בניחוח צליל שקד,31,38
עפולה,1699, מרכך כביסה אולטרה מרוכז בניחוח בית מלון יוקרתי,30,39
עפולה,1668,ספריי מטהר אויר - ניחוח צליל שקד,29,62
עפולה,1736,מבשם אויר שנמשך עד 24 שעות - ניחוח בית מלון,28,57
עפולה,1698,נוזל מבשם ומחטא רצפות בניחוח צליל שקד - J-FRESH,27,34
עפולה,1564,BR75 - נוזל מרוכז לשטיפה וחיטוי כלים סניטרים ומומחה בהסרת אבנית,26,27
עפולה,1376,TANEX POWER - שפריצר לניקוי כללי,25,27
עפולה,1248,SR13 - חומר שטיפה לגרניט פורצלן ושיש,22,25
מעלה אדומים,1346,נוזל מבשם ומחטא רצפות בניחוח בית מלון - J-FRESH,76,121
מעלה אדומים,1556,ספריי מטהר אויר ניחוח בית מלון המקורי,63,104
מעלה אדומים,1736,מבשם אויר שנמשך עד 24 שעות - ניחוח בית מלון,56,81
מעלה אדומים,1657,מפיץ ריח על בסיס שמנים בניחוח בית מלון,40,65
מעלה אדומים,1699, מרכך כביסה אולטרה מרוכז בניחוח בית מלון יוקרתי,40,52
מעלה אדומים,1394,מרכך כביסה מרוכז עם בישום יוקרתי - ניחוח בית מלון,39,49
מעלה אדומים,1569,מבשם כביסה וטקסטיל בניחוח בית מלון המקורי,38,49
מעלה אדומים,1392, מרכך כביסה מרוכז עם בישום יוקרתי -ריח סבון מפנק,26,50
מעלה אדומים,1590,פניני ריח בניחוח מרכך הכביסה בית מלון,25,28
מעלה אדומים,1700,ג'ל כביסה בריח מבושם בית מלון 3 ליטרים,25,31
מעלה אדומים,1734,מרכך ומבשם כביסה אולטרה מרוכז בניחוח צליל שקד,24,31
מעלה אדומים,1616,דלי סחבות לחות לניקוי ורענון הרצפה - ניחוח בית מלון,23,25
מעלה אדומים,1636,שפריצר אקולוגי לניקוי מקלחונים על בסיס לימון FROSCH,23,26
מעלה אדומים,1568,מבשם כביסה וטקסטיל בניחוח סבון מפנק,23,25
מעלה אדומים,1656,"מתקן למטהר אויר פולסים ,מעוטר ניקל",21,26
מעלה אדומים,1248,SR13 - חומר שטיפה לגרניט פורצלן ושיש,21,24
כרמיאל,1346,נוזל מבשם ומחטא רצפות בניחוח בית מלון - J-FRESH,80,105
כרמיאל,1394,מרכך כביסה מרוכז עם בישום יוקרתי - ניחוח בית מלון,58,72
כרמיאל,1569,מבשם כביסה וטקסטיל בניחוח בית מלון המקורי,47,56
כרמיאל,1700,ג'ל כביסה בריח מבושם בית מלון 3 ליטרים,45,58
כרמיאל,1556,ספריי מטהר אויר ניחוח בית מלון המקורי,41,102
כרמיאל,1616,דלי סחבות לחות לניקוי ורענון הרצפה - ניחוח בית מלון,39,40
כרמיאל,1249,גרניט פורצלן ושיש  5ליטר SR13,38,43
כרמיאל,1699, מרכך כביסה אולטרה מרוכז בניחוח בית מלון יוקרתי,34,47
כרמיאל,1564,BR75 - נוזל מרוכז לשטיפה וחיטוי כלים סניטרים ומומחה בהסרת אבנית,32,36
כרמיאל,1705,נוזל לניקוי כלים בניחוח בית מלון ,28,35
כרמיאל,1657,מפיץ ריח על בסיס שמנים בניחוח בית מלון,27,35
כרמיאל,1347,נוזל מבשם ומחטא רצפות בניחוח אושיין - J-FRESH,27,45
כרמיאל,1736,מבשם אויר שנמשך עד 24 שעות - ניחוח בית מלון,24,31
כרמיאל,1392, מרכך כביסה מרוכז עם בישום יוקרתי -ריח סבון מפנק,22,22
כרמיאל,1647,ניחוח נשי חינני,21,21
כרמיאל,1248,SR13 - חומר שטיפה לגרניט פורצלן ושיש,20,25
רמת השרון,1346,נוזל מבשם ומחטא רצפות בניחוח בית מלון - J-FRESH,89,144
רמת השרון,1394,מרכך כביסה מרוכז עם בישום יוקרתי - ניחוח בית מלון,70,127
רמת השרון,1699, מרכך כביסה אולטרה מרוכז בניחוח בית מלון יוקרתי,67,120
רמת השרון,1569,מבשם כביסה וטקסטיל בניחוח בית מלון המקורי,62,78
רמת השרון,1657,מפיץ ריח על בסיס שמנים בניחוח בית מלון,59,76
רמת השרון,1700,ג'ל כביסה בריח מבושם בית מלון 3 ליטרים,57,127
רמת השרון,1616,דלי סחבות לחות לניקוי ורענון הרצפה - ניחוח בית מלון,40,44
רמת השרון,1736,מבשם אויר שנמשך עד 24 שעות - ניחוח בית מלון,36,51
רמת השרון,1746,נוזל פרקט בניחוח בית מלון,33,41
רמת השרון,1556,ספריי מטהר אויר ניחוח בית מלון המקורי,32,62
רמת השרון,1531,ריחנית מרובעת לאסלה שלישיה,31,44
רמת השרון,1392, מרכך כביסה מרוכז עם בישום יוקרתי -ריח סבון מפנק,30,50
רמת השרון,1393,מרכך  כביסה מרוכז עם בישום יוקרתי - ניחוח טלק תינוקי,28,45
רמת השרון,1705,נוזל לניקוי כלים בניחוח בית מלון ,28,57
רמת השרון,1568,מבשם כביסה וטקסטיל בניחוח סבון מפנק,27,36
רמת השרון,1211,ספרי קצף אקולוגי לניקוי כללי וחלונות GLASS CLEANER ,27,53
תל אביב,1346,נוזל מבשם ומחטא רצפות בניחוח בית מלון - J-FRESH,237,326
תל אביב,1394,מרכך כביסה מרוכז עם בישום יוקרתי - ניחוח בית מלון,230,340
תל אביב,1700,ג'ל כביסה בריח מבושם בית מלון 3 ליטרים,226,497
תל אביב,1556,ספריי מטהר אויר ניחוח בית מלון המקורי,196,430
תל אביב,1616,דלי סחבות לחות לניקוי ורענון הרצפה - ניחוח בית מלון,167,187
תל אביב,1392, מרכך כביסה מרוכז עם בישום יוקרתי -ריח סבון מפנק,163,335
תל אביב,1569,מבשם כביסה וטקסטיל בניחוח בית מלון המקורי,151,186
תל אביב,1699, מרכך כביסה אולטרה מרוכז בניחוח בית מלון יוקרתי,140,209
תל אביב,1705,נוזל לניקוי כלים בניחוח בית מלון ,119,194
תל אביב,1657,מפיץ ריח על בסיס שמנים בניחוח בית מלון,115,165
תל אביב,1736,מבשם אויר שנמשך עד 24 שעות - ניחוח בית מלון,100,120
תל אביב,1393,מרכך  כביסה מרוכז עם בישום יוקרתי - ניחוח טלק תינוקי,89,120
תל אביב,1377,"OXY - מסיר כתמים קשים משטיחים, בגדים וריפודים",88,100
תל אביב,1590,פניני ריח בניחוח מרכך הכביסה בית מלון,87,177
תל אביב,1734,מרכך ומבשם כביסה אולטרה מרוכז בניחוח צליל שקד,83,149
תל אביב,1347,נוזל מבשם ומחטא רצפות בניחוח אושיין - J-FRESH,67,93
פתח תקווה,1346,נוזל מבשם ומחטא רצפות בניחוח בית מלון - J-FRESH,261,398
פתח תקווה,1394,מרכך כביסה מרוכז עם בישום יוקרתי - ניחוח בית מלון,195,267
פתח תקווה,1556,ספריי מטהר אויר ניחוח בית מלון המקורי,190,338
פתח תקווה,1569,מבשם כביסה וטקסטיל בניחוח בית מלון המקורי,161,193
פתח תקווה,1657,מפיץ ריח על בסיס שמנים בניחוח בית מלון,129,195
פתח תקווה,1700,ג'ל כביסה בריח מבושם בית מלון 3 ליטרים,126,195
פתח תקווה,1699, מרכך כביסה אולטרה מרוכז בניחוח בית מלון יוקרתי,123,167
פתח תקווה,1616,דלי סחבות לחות לניקוי ורענון הרצפה - ניחוח בית מלון,122,132
פתח תקווה,1736,מבשם אויר שנמשך עד 24 שעות - ניחוח בית מלון,114,143
פתח תקווה,1705,נוזל לניקוי כלים בניחוח בית מלון ,91,138
פתח תקווה,1564,BR75 - נוזל מרוכז לשטיפה וחיטוי כלים סניטרים ומומחה בהסרת אבנית,73,87
פתח תקווה,1734,מרכך ומבשם כביסה אולטרה מרוכז בניחוח צליל שקד,71,96
פתח תקווה,1393,מרכך  כביסה מרוכז עם בישום יוקרתי - ניחוח טלק תינוקי,70,82
פתח תקווה,1347,נוזל מבשם ומחטא רצפות בניחוח אושיין - J-FRESH,68,95
פתח תקווה,1392, מרכך כביסה מרוכז עם בישום יוקרתי -ריח סבון מפנק,67,94
פתח תקווה,1698,נוזל מבשם ומחטא רצפות בניחוח צליל שקד - J-FRESH,67,98
ראשון לציון,1346,נוזל מבשם ומחטא רצפות בניחוח בית מלון - J-FRESH,291,484
ראשון לציון,1394,מרכך כביסה מרוכז עם בישום יוקרתי - ניחוח בית מלון,211,295
ראשון לציון,1556,ספריי מטהר אויר ניחוח בית מלון המקורי,165,270
ראשון לציון,1569,מבשם כביסה וטקסטיל בניחוח בית מלון המקורי,152,172
ראשון לציון,1616,דלי סחבות לחות לניקוי ורענון הרצפה - ניחוח בית מלון,138,157
ראשון לציון,1700,ג'ל כביסה בריח מבושם בית מלון 3 ליטרים,124,158
ראשון לציון,1657,מפיץ ריח על בסיס שמנים בניחוח בית מלון,110,165
ראשון לציון,1699, מרכך כביסה אולטרה מרוכז בניחוח בית מלון יוקרתי,108,146
ראשון לציון,1392, מרכך כביסה מרוכז עם בישום יוקרתי -ריח סבון מפנק,102,214
ראשון לציון,1705,נוזל לניקוי כלים בניחוח בית מלון ,95,133
ראשון לציון,1736,מבשם אויר שנמשך עד 24 שעות - ניחוח בית מלון,86,114
ראשון לציון,1393,מרכך  כביסה מרוכז עם בישום יוקרתי - ניחוח טלק תינוקי,77,123
ראשון לציון,1564,BR75 - נוזל מרוכז לשטיפה וחיטוי כלים סניטרים ומומחה בהסרת אבנית,74,77
ראשון לציון,1357,נוזל מבשם ומחטא רצפות בניחוח ארומה ספא - J-FRESH,67,74
ראשון לציון,1590,פניני ריח בניחוח מרכך הכביסה בית מלון,66,175
ראשון לציון,1466,TASONIL - ג'ל ריחני ואנטי בקטיראלי לניקוי חדרי רחצה ושירותים ומומחה בהסרת אבנית,58,66
נתניה,1346,נוזל מבשם ומחטא רצפות בניחוח בית מלון - J-FRESH,182,257
נתניה,1556,ספריי מטהר אויר ניחוח בית מלון המקורי,143,244
נתניה,1394,מרכך כביסה מרוכז עם בישום יוקרתי - ניחוח בית מלון,122,169
נתניה,1569,מבשם כביסה וטקסטיל בניחוח בית מלון המקורי,92,114
נתניה,1700,ג'ל כביסה בריח מבושם בית מלון 3 ליטרים,92,142
נתניה,1699, מרכך כביסה אולטרה מרוכז בניחוח בית מלון יוקרתי,85,105
נתניה,1564,BR75 - נוזל מרוכז לשטיפה וחיטוי כלים סניטרים ומומחה בהסרת אבנית,78,86
נתניה,1616,דלי סחבות לחות לניקוי ורענון הרצפה - ניחוח בית מלון,74,84
נתניה,1705,נוזל לניקוי כלים בניחוח בית מלון ,69,90
נתניה,1377,"OXY - מסיר כתמים קשים משטיחים, בגדים וריפודים",64,75
נתניה,1657,מפיץ ריח על בסיס שמנים בניחוח בית מלון,62,91
נתניה,1736,מבשם אויר שנמשך עד 24 שעות - ניחוח בית מלון,61,70
נתניה,1393,מרכך  כביסה מרוכז עם בישום יוקרתי - ניחוח טלק תינוקי,56,80
נתניה,1761,SANIT-NF - נוזל לניקוי אבנית מסדרת מוצרי TENZI,50,62
נתניה,1763,TOP GLASS - חומר מקצועי לניקוי חלונות על בסיס כוהל - מסדרת מוצרי TENZI,49,65
נתניה,1590,פניני ריח בניחוח מרכך הכביסה בית מלון,48,101
ירושלים,1346,נוזל מבשם ומחטא רצפות בניחוח בית מלון - J-FRESH,187,313
ירושלים,1699, מרכך כביסה אולטרה מרוכז בניחוח בית מלון יוקרתי,97,166
ירושלים,1394,מרכך כביסה מרוכז עם בישום יוקרתי - ניחוח בית מלון,87,126
ירושלים,1569,מבשם כביסה וטקסטיל בניחוח בית מלון המקורי,84,96
ירושלים,1556,ספריי מטהר אויר ניחוח בית מלון המקורי,81,134
ירושלים,1736,מבשם אויר שנמשך עד 24 שעות - ניחוח בית מלון,81,90
ירושלים,1616,דלי סחבות לחות לניקוי ורענון הרצפה - ניחוח בית מלון,75,94
ירושלים,1700,ג'ל כביסה בריח מבושם בית מלון 3 ליטרים,75,103
ירושלים,1705,נוזל לניקוי כלים בניחוח בית מלון ,66,102
ירושלים,1393,מרכך  כביסה מרוכז עם בישום יוקרתי - ניחוח טלק תינוקי,60,88
ירושלים,1657,מפיץ ריח על בסיס שמנים בניחוח בית מלון,60,88
ירושלים,1392, מרכך כביסה מרוכז עם בישום יוקרתי -ריח סבון מפנק,52,84
ירושלים,1531,ריחנית מרובעת לאסלה שלישיה,43,51
ירושלים,1376,TANEX POWER - שפריצר לניקוי כללי,37,39
ירושלים,1564,BR75 - נוזל מרוכז לשטיפה וחיטוי כלים סניטרים ומומחה בהסרת אבנית,35,39
ירושלים,1568,מבשם כביסה וטקסטיל בניחוח סבון מפנק,34,41
חיפה,1346,נוזל מבשם ומחטא רצפות בניחוח בית מלון - J-FRESH,149,216
חיפה,1394,מרכך כביסה מרוכז עם בישום יוקרתי - ניחוח בית מלון,139,237
חיפה,1569,מבשם כביסה וטקסטיל בניחוח בית מלון המקורי,121,145
חיפה,1556,ספריי מטהר אויר ניחוח בית מלון המקורי,105,221
חיפה,1616,דלי סחבות לחות לניקוי ורענון הרצפה - ניחוח בית מלון,87,106
חיפה,1699, מרכך כביסה אולטרה מרוכז בניחוח בית מלון יוקרתי,83,107
חיפה,1700,ג'ל כביסה בריח מבושם בית מלון 3 ליטרים,77,102
חיפה,1657,מפיץ ריח על בסיס שמנים בניחוח בית מלון,67,104
חיפה,1564,BR75 - נוזל מרוכז לשטיפה וחיטוי כלים סניטרים ומומחה בהסרת אבנית,66,81
חיפה,1736,מבשם אויר שנמשך עד 24 שעות - ניחוח בית מלון,62,79
חיפה,1376,TANEX POWER - שפריצר לניקוי כללי,55,63
חיפה,1377,"OXY - מסיר כתמים קשים משטיחים, בגדים וריפודים",53,69
חיפה,1590,פניני ריח בניחוח מרכך הכביסה בית מלון,47,80
חיפה,1705,נוזל לניקוי כלים בניחוח בית מלון ,45,58
חיפה,1392, מרכך כביסה מרוכז עם בישום יוקרתי -ריח סבון מפנק,44,64
חיפה,1761,SANIT-NF - נוזל לניקוי אבנית מסדרת מוצרי TENZI,40,46
אשדוד,1346,נוזל מבשם ומחטא רצפות בניחוח בית מלון - J-FRESH,173,264
אשדוד,1394,מרכך כביסה מרוכז עם בישום יוקרתי - ניחוח בית מלון,152,211
אשדוד,1569,מבשם כביסה וטקסטיל בניחוח בית מלון המקורי,99,116
אשדוד,1616,דלי סחבות לחות לניקוי ורענון הרצפה - ניחוח בית מלון,97,116
אשדוד,1556,ספריי מטהר אויר ניחוח בית מלון המקורי,91,168
אשדוד,1700,ג'ל כביסה בריח מבושם בית מלון 3 ליטרים,85,109
אשדוד,1699, מרכך כביסה אולטרה מרוכז בניחוח בית מלון יוקרתי,78,96
אשדוד,1377,"OXY - מסיר כתמים קשים משטיחים, בגדים וריפודים",72,117
אשדוד,1657,מפיץ ריח על בסיס שמנים בניחוח בית מלון,71,105
אשדוד,1705,נוזל לניקוי כלים בניחוח בית מלון ,66,99
אשדוד,1590,פניני ריח בניחוח מרכך הכביסה בית מלון,62,96
אשדוד,1736,מבשם אויר שנמשך עד 24 שעות - ניחוח בית מלון,59,71
אשדוד,1211,ספרי קצף אקולוגי לניקוי כללי וחלונות GLASS CLEANER ,52,70
אשדוד,1392, מרכך כביסה מרוכז עם בישום יוקרתי -ריח סבון מפנק,51,66
אשדוד,1734,מרכך ומבשם כביסה אולטרה מרוכז בניחוח צליל שקד,51,58
אשדוד,1613, ספוג מגהץ לקרצוף  האמבטיה,47,54
רמת גן,1346,נוזל מבשם ומחטא רצפות בניחוח בית מלון - J-FRESH,174,264
רמת גן,1394,מרכך כביסה מרוכז עם בישום יוקרתי - ניחוח בית מלון,136,216
רמת גן,1569,מבשם כביסה וטקסטיל בניחוח בית מלון המקורי,123,149
רמת גן,1556,ספריי מטהר אויר ניחוח בית מלון המקורי,122,212
רמת גן,1700,ג'ל כביסה בריח מבושם בית מלון 3 ליטרים,97,128
רמת גן,1616,דלי סחבות לחות לניקוי ורענון הרצפה - ניחוח בית מלון,96,108
רמת גן,1657,מפיץ ריח על בסיס שמנים בניחוח בית מלון,78,117
רמת גן,1699, מרכך כביסה אולטרה מרוכז בניחוח בית מלון יוקרתי,78,117
רמת גן,1705,נוזל לניקוי כלים בניחוח בית מלון ,70,101
רמת גן,1392, מרכך כביסה מרוכז עם בישום יוקרתי -ריח סבון מפנק,60,92
רמת גן,1736,מבשם אויר שנמשך עד 24 שעות - ניחוח בית מלון,56,73
רמת גן,1564,BR75 - נוזל מרוכז לשטיפה וחיטוי כלים סניטרים ומומחה בהסרת אבנית,49,51
רמת גן,1393,מרכך  כביסה מרוכז עם בישום יוקרתי - ניחוח טלק תינוקי,48,54
רמת גן,1590,פניני ריח בניחוח מרכך הכביסה בית מלון,47,81
רמת גן,1377,"OXY - מסיר כתמים קשים משטיחים, בגדים וריפודים",40,47
רמת גן,1568,מבשם כביסה וטקסטיל בניחוח סבון מפנק,38,52
באר שבע,1346,נוזל מבשם ומחטא רצפות בניחוח בית מלון - J-FRESH,139,226
באר שבע,1394,מרכך כביסה מרוכז עם בישום יוקרתי - ניחוח בית מלון,114,191
באר שבע,1569,מבשם כביסה וטקסטיל בניחוח בית מלון המקורי,105,165
באר שבע,1556,ספריי מטהר אויר ניחוח בית מלון המקורי,98,195
באר שבע,1657,מפיץ ריח על בסיס שמנים בניחוח בית מלון,57,86
באר שבע,1699, מרכך כביסה אולטרה מרוכז בניחוח בית מלון יוקרתי,55,66
באר שבע,1705,נוזל לניקוי כלים בניחוח בית מלון ,50,69
באר שבע,1392, מרכך כביסה מרוכז עם בישום יוקרתי -ריח סבון מפנק,49,63
באר שבע,1700,ג'ל כביסה בריח מבושם בית מלון 3 ליטרים,46,70
באר שבע,1736,מבשם אויר שנמשך עד 24 שעות - ניחוח בית מלון,46,66
באר שבע,1564,BR75 - נוזל מרוכז לשטיפה וחיטוי כלים סניטרים ומומחה בהסרת אבנית,44,50
באר שבע,1590,פניני ריח בניחוח מרכך הכביסה בית מלון,41,71
באר שבע,1377,"OXY - מסיר כתמים קשים משטיחים, בגדים וריפודים",40,45
באר שבע,1636,שפריצר אקולוגי לניקוי מקלחונים על בסיס לימון FROSCH,39,46
באר שבע,1734,מרכך ומבשם כביסה אולטרה מרוכז בניחוח צליל שקד,38,44
באר שבע,1616,דלי סחבות לחות לניקוי ורענון הרצפה - ניחוח בית מלון,36,36
חולון,1346,נוזל מבשם ומחטא רצפות בניחוח בית מלון - J-FRESH,145,186
חולון,1394,מרכך כביסה מרוכז עם בישום יוקרתי - ניחוח בית מלון,138,194
חולון,1556,ספריי מטהר אויר ניחוח בית מלון המקורי,116,284
חולון,1569,מבשם כביסה וטקסטיל בניחוח בית מלון המקורי,112,133
חולון,1736,מבשם אויר שנמשך עד 24 שעות - ניחוח בית מלון,70,78
חולון,1616,דלי סחבות לחות לניקוי ורענון הרצפה - ניחוח בית מלון,68,73
חולון,1657,מפיץ ריח על בסיס שמנים בניחוח בית מלון,59,71
חולון,1699, מרכך כביסה אולטרה מרוכז בניחוח בית מלון יוקרתי,56,64
חולון,1705,נוזל לניקוי כלים בניחוח בית מלון ,48,69
חולון,1590,פניני ריח בניחוח מרכך הכביסה בית מלון,46,81
חולון,1700,ג'ל כביסה בריח מבושם בית מלון 3 ליטרים,40,44
חולון,1392, מרכך כביסה מרוכז עם בישום יוקרתי -ריח סבון מפנק,36,47
חולון,1393,מרכך  כביסה מרוכז עם בישום יוקרתי - ניחוח טלק תינוקי,34,38
חולון,1376,TANEX POWER - שפריצר לניקוי כללי,31,34
חולון,1377,"OXY - מסיר כתמים קשים משטיחים, בגדים וריפודים",30,31
חולון,1211,ספרי קצף אקולוגי לניקוי כללי וחלונות GLASS CLEANER ,29,33
רחובות,1346,נוזל מבשם ומחטא רצפות בניחוח בית מלון - J-FRESH,143,284
רחובות,1394,מרכך כביסה מרוכז עם בישום יוקרתי - ניחוח בית מלון,93,113
רחובות,1556,ספריי מטהר אויר ניחוח בית מלון המקורי,83,120
רחובות,1569,מבשם כביסה וטקסטיל בניחוח בית מלון המקורי,73,143
רחובות,1657,מפיץ ריח על בסיס שמנים בניחוח בית מלון,64,82
רחובות,1616,דלי סחבות לחות לניקוי ורענון הרצפה - ניחוח בית מלון,63,64
רחובות,1377,"OXY - מסיר כתמים קשים משטיחים, בגדים וריפודים",56,64
רחובות,1564,BR75 - נוזל מרוכז לשטיפה וחיטוי כלים סניטרים ומומחה בהסרת אבנית,54,64
רחובות,1734,מרכך ומבשם כביסה אולטרה מרוכז בניחוח צליל שקד,53,78
רחובות,1699, מרכך כביסה אולטרה מרוכז בניחוח בית מלון יוקרתי,48,67
רחובות,1700,ג'ל כביסה בריח מבושם בית מלון 3 ליטרים,44,54
רחובות,1705,נוזל לניקוי כלים בניחוח בית מלון ,42,60
רחובות,1736,מבשם אויר שנמשך עד 24 שעות - ניחוח בית מלון,42,49
רחובות,1376,TANEX POWER - שפריצר לניקוי כללי,41,44
רחובות,1590,פניני ריח בניחוח מרכך הכביסה בית מלון,40,120
רחובות,1668,ספריי מטהר אויר - ניחוח צליל שקד,39,46
ראש העין,1346,נוזל מבשם ומחטא רצפות בניחוח בית מלון - J-FRESH,101,129
ראש העין,1394,מרכך כביסה מרוכז עם בישום יוקרתי - ניחוח בית מלון,75,107
ראש העין,1556,ספריי מטהר אויר ניחוח בית מלון המקורי,67,113
ראש העין,1700,ג'ל כביסה בריח מבושם בית מלון 3 ליטרים,56,91
ראש העין,1569,מבשם כביסה וטקסטיל בניחוח בית מלון המקורי,53,67
ראש העין,1699, מרכך כביסה אולטרה מרוכז בניחוח בית מלון יוקרתי,52,71
ראש העין,1616,דלי סחבות לחות לניקוי ורענון הרצפה - ניחוח בית מלון,44,57
ראש העין,1736,מבשם אויר שנמשך עד 24 שעות - ניחוח בית מלון,43,50
ראש העין,1657,מפיץ ריח על בסיס שמנים בניחוח בית מלון,42,58
ראש העין,1564,BR75 - נוזל מרוכז לשטיפה וחיטוי כלים סניטרים ומומחה בהסרת אבנית,37,43
ראש העין,1763,TOP GLASS - חומר מקצועי לניקוי חלונות על בסיס כוהל - מסדרת מוצרי TENZI,35,41
ראש העין,1705,נוזל לניקוי כלים בניחוח בית מלון ,34,47
ראש העין,1698,נוזל מבשם ומחטא רצפות בניחוח צליל שקד - J-FRESH,33,53
ראש העין,1376,TANEX POWER - שפריצר לניקוי כללי,27,31
ראש העין,1392, מרכך כביסה מרוכז עם בישום יוקרתי -ריח סבון מפנק,26,49
ראש העין,1647,חבילת היכרות של ניחוחות ומקצוענות,23,23
אשקלון,1346,נוזל מבשם ומחטא רצפות בניחוח בית מלון - J-FRESH,111,160
אשקלון,1394,מרכך כביסה מרוכז עם בישום יוקרתי - ניחוח בית מלון,81,103
אשקלון,1556,ספריי מטהר אויר ניחוח בית מלון המקורי,59,100
אשקלון,1700,ג'ל כביסה בריח מבושם בית מלון 3 ליטרים,55,78
אשקלון,1699, מרכך כביסה אולטרה מרוכז בניחוח בית מלון יוקרתי,52,78
אשקלון,1616,דלי סחבות לחות לניקוי ורענון הרצפה - ניחוח בית מלון,46,52
אשקלון,1569,מבשם כביסה וטקסטיל בניחוח בית מלון המקורי,42,59
אשקלון,1564,BR75 - נוזל מרוכז לשטיפה וחיטוי כלים סניטרים ומומחה בהסרת אבנית,40,48
אשקלון,1377,"OXY - מסיר כתמים קשים משטיחים, בגדים וריפודים",37,37
אשקלון,1705,נוזל לניקוי כלים בניחוח בית מלון ,35,53
אשקלון,1657,מפיץ ריח על בסיס שמנים בניחוח בית מלון,34,47
אשקלון,1698,נוזל מבשם ומחטא רצפות בניחוח צליל שקד - J-FRESH,34,51
אשקלון,1590,פניני ריח בניחוח מרכך הכביסה בית מלון,31,55
אשקלון,1734,מרכך ומבשם כביסה אולטרה מרוכז בניחוח צליל שקד,30,40
אשקלון,1211,ספרי קצף אקולוגי לניקוי כללי וחלונות GLASS CLEANER ,29,34
אשקלון,1588,נוזל מבשם ומחטא רצפות בניחוח הרמוניית המדבר - J-FRESH,28,49
חדרה,1346,נוזל מבשם ומחטא רצפות בניחוח בית מלון - J-FRESH,108,144
חדרה,1394,מרכך כביסה מרוכז עם בישום יוקרתי - ניחוח בית מלון,102,137
חדרה,1569,מבשם כביסה וטקסטיל בניחוח בית מלון המקורי,75,90
חדרה,1556,ספריי מטהר אויר ניחוח בית מלון המקורי,70,117
חדרה,1700,ג'ל כביסה בריח מבושם בית מלון 3 ליטרים,58,85
חדרה,1616,דלי סחבות לחות לניקוי ורענון הרצפה - ניחוח בית מלון,54,60
חדרה,1699, מרכך כביסה אולטרה מרוכז בניחוח בית מלון יוקרתי,52,63
חדרה,1736,מבשם אויר שנמשך עד 24 שעות - ניחוח בית מלון,48,57
חדרה,1705,נוזל לניקוי כלים בניחוח בית מלון ,46,64
חדרה,1734,מרכך ומבשם כביסה אולטרה מרוכז בניחוח צליל שקד,35,65
חדרה,1564,BR75 - נוזל מרוכז לשטיפה וחיטוי כלים סניטרים ומומחה בהסרת אבנית,33,37
חדרה,1376,TANEX POWER - שפריצר לניקוי כללי,33,60
חדרה,1377,"OXY - מסיר כתמים קשים משטיחים, בגדים וריפודים",31,34
חדרה,1657,מפיץ ריח על בסיס שמנים בניחוח בית מלון,31,39
חדרה,1393,מרכך  כביסה מרוכז עם בישום יוקרתי - ניחוח טלק תינוקי,30,32
חדרה,1392, מרכך כביסה מרוכז עם בישום יוקרתי -ריח סבון מפנק,30,40
גבעתיים,1700,ג'ל כביסה בריח מבושם בית מלון 3 ליטרים,80,119
גבעתיים,1394,מרכך כביסה מרוכז עם בישום יוקרתי - ניחוח בית מלון,76,104
גבעתיים,1346,נוזל מבשם ומחטא רצפות בניחוח בית מלון - J-FRESH,76,136
גבעתיים,1392, מרכך כביסה מרוכז עם בישום יוקרתי -ריח סבון מפנק,50,142
גבעתיים,1569,מבשם כביסה וטקסטיל בניחוח בית מלון המקורי,50,58
גבעתיים,1699, מרכך כביסה אולטרה מרוכז בניחוח בית מלון יוקרתי,45,63
גבעתיים,1705,נוזל לניקוי כלים בניחוח בית מלון ,42,68
גבעתיים,1556,ספריי מטהר אויר ניחוח בית מלון המקורי,36,54
גבעתיים,1616,דלי סחבות לחות לניקוי ורענון הרצפה - ניחוח בית מלון,36,46
גבעתיים,1657,מפיץ ריח על בסיס שמנים בניחוח בית מלון,34,54
גבעתיים,1590,פניני ריח בניחוח מרכך הכביסה בית מלון,26,42
גבעתיים,1617,מרכך כביסה מרוכז עם בישום יוקרתי - ניחוח שירת הפרחים,25,32
גבעתיים,1393,מרכך  כביסה מרוכז עם בישום יוקרתי - ניחוח טלק תינוקי,24,31
גבעתיים,1736,מבשם אויר שנמשך עד 24 שעות - ניחוח בית מלון,24,28
גבעתיים,1722,מרכך כביסה אולטרה מרוכז במיוחד בניחוח רני דרים ,20,36
גבעתיים,1698,נוזל מבשם ומחטא רצפות בניחוח צליל שקד - J-FRESH,20,24
כפר סבא,1700,ג'ל כביסה בריח מבושם בית מלון 3 ליטרים,68,111
כפר סבא,1346,נוזל מבשם ומחטא רצפות בניחוח בית מלון - J-FRESH,59,85
כפר סבא,1699, מרכך כביסה אולטרה מרוכז בניחוח בית מלון יוקרתי,49,63
כפר סבא,1394,מרכך כביסה מרוכז עם בישום יוקרתי - ניחוח בית מלון,43,49
כפר סבא,1569,מבשם כביסה וטקסטיל בניחוח בית מלון המקורי,42,62
כפר סבא,1590,פניני ריח בניחוח מרכך הכביסה בית מלון,34,63
כפר סבא,1616,דלי סחבות לחות לניקוי ורענון הרצפה - ניחוח בית מלון,31,32
כפר סבא,1705,נוזל לניקוי כלים בניחוח בית מלון ,31,58
כפר סבא,1556,ספריי מטהר אויר ניחוח בית מלון המקורי,30,35
כפר סבא,1657,מפיץ ריח על בסיס שמנים בניחוח בית מלון,29,40
כפר סבא,1736,מבשם אויר שנמשך עד 24 שעות - ניחוח בית מלון,29,31
כפר סבא,1564,BR75 - נוזל מרוכז לשטיפה וחיטוי כלים סניטרים ומומחה בהסרת אבנית,21,24
כפר סבא,1916,ג'ל אלכוהול לחיטוי ,20,46
כפר סבא,1531,ריחנית מרובעת לאסלה שלישיה,19,20
כפר סבא,1750,דלי מטליות לחות- ניחוח פיור סנס,19,30
כפר סבא,1376,TANEX POWER - שפריצר לניקוי כללי,18,19
באר יעקב,1346,נוזל מבשם ומחטא רצפות בניחוח בית מלון - J-FRESH,99,174
באר יעקב,1394,מרכך כביסה מרוכז עם בישום יוקרתי - ניחוח בית מלון,61,109
באר יעקב,1556,ספריי מטהר אויר ניחוח בית מלון המקורי,52,115
באר יעקב,1564,BR75 - נוזל מרוכז לשטיפה וחיטוי כלים סניטרים ומומחה בהסרת אבנית,39,46
באר יעקב,1657,מפיץ ריח על בסיס שמנים בניחוח בית מלון,38,59
באר יעקב,1699, מרכך כביסה אולטרה מרוכז בניחוח בית מלון יוקרתי,37,52
באר יעקב,1569,מבשם כביסה וטקסטיל בניחוח בית מלון המקורי,36,38
באר יעקב,1616,דלי סחבות לחות לניקוי ורענון הרצפה - ניחוח בית מלון,35,38
באר יעקב,1466,TASONIL - ג'ל ריחני ואנטי בקטיראלי לניקוי חדרי רחצה ושירותים ומומחה בהסרת אבנית,31,37
באר יעקב,1700,ג'ל כביסה בריח מבושם בית מלון 3 ליטרים,26,36
באר יעקב,1736,מבשם אויר שנמשך עד 24 שעות - ניחוח בית מלון,25,30
באר יעקב,1705,נוזל לניקוי כלים בניחוח בית מלון ,24,31
באר יעקב,1377,"OXY - מסיר כתמים קשים משטיחים, בגדים וריפודים",23,24
באר יעקב,1590,פניני ריח בניחוח מרכך הכביסה בית מלון,22,41
באר יעקב,1392, מרכך כביסה מרוכז עם בישום יוקרתי -ריח סבון מפנק,20,29
באר יעקב,1698,נוזל מבשם ומחטא רצפות בניחוח צליל שקד - J-FRESH,20,25
יבנה,1346,נוזל מבשם ומחטא רצפות בניחוח בית מלון - J-FRESH,88,132
יבנה,1394,מרכך כביסה מרוכז עם בישום יוקרתי - ניחוח בית מלון,64,75
יבנה,1556,ספריי מטהר אויר ניחוח בית מלון המקורי,47,96
יבנה,1657,מפיץ ריח על בסיס שמנים בניחוח בית מלון,46,78
יבנה,1569,מבשם כביסה וטקסטיל בניחוח בית מלון המקורי,41,46
יבנה,1699, מרכך כביסה אולטרה מרוכז בניחוח בית מלון יוקרתי,34,41
יבנה,1700,ג'ל כביסה בריח מבושם בית מלון 3 ליטרים,32,41
יבנה,1376,TANEX POWER - שפריצר לניקוי כללי,28,29
יבנה,1734,מרכך ומבשם כביסה אולטרה מרוכז בניחוח צליל שקד,27,35
יבנה,1347,נוזל מבשם ומחטא רצפות בניחוח אושיין - J-FRESH,26,43
יבנה,1763,TOP GLASS - חומר מקצועי לניקוי חלונות על בסיס כוהל - מסדרת מוצרי TENZI,25,27
יבנה,1392, מרכך כביסה מרוכז עם בישום יוקרתי -ריח סבון מפנק,24,35
יבנה,1616,דלי סחבות לחות לניקוי ורענון הרצפה - ניחוח בית מלון,24,24
יבנה,1590,פניני ריח בניחוח מרכך הכביסה בית מלון,24,36
יבנה,1466,TASONIL - ג'ל ריחני ואנטי בקטיראלי לניקוי חדרי רחצה ושירותים ומומחה בהסרת אבנית,24,27
יבנה,1564,BR75 - נוזל מרוכז לשטיפה וחיטוי כלים סניטרים ומומחה בהסרת אבנית,24,25
בת ים,1346,נוזל מבשם ומחטא רצפות בניחוח בית מלון - J-FRESH,74,102
בת ים,1394,מרכך כביסה מרוכז עם בישום יוקרתי - ניחוח בית מלון,50,59
בת ים,1569,מבשם כביסה וטקסטיל בניחוח בית מלון המקורי,46,51
בת ים,1556,ספריי מטהר אויר ניחוח בית מלון המקורי,42,63
בת ים,1616,דלי סחבות לחות לניקוי ורענון הרצפה - ניחוח בית מלון,37,39
בת ים,1657,מפיץ ריח על בסיס שמנים בניחוח בית מלון,35,50
בת ים,1699, מרכך כביסה אולטרה מרוכז בניחוח בית מלון יוקרתי,34,38
בת ים,1392, מרכך כביסה מרוכז עם בישום יוקרתי -ריח סבון מפנק,29,44
בת ים,1700,ג'ל כביסה בריח מבושם בית מלון 3 ליטרים,29,34
בת ים,1393,מרכך  כביסה מרוכז עם בישום יוקרתי - ניחוח טלק תינוקי,27,28
בת ים,1377,"OXY - מסיר כתמים קשים משטיחים, בגדים וריפודים",25,29
בת ים,1669, מבשם כביסה צליל שקד  700 מ&quot;ל,21,24
בת ים,1466,TASONIL - ג'ל ריחני ואנטי בקטיראלי לניקוי חדרי רחצה ושירותים ומומחה בהסרת אבנית,20,21
בת ים,1734,מרכך ומבשם כביסה אולטרה מרוכז בניחוח צליל שקד,19,29
בת ים,1750,דלי מטליות לחות- ניחוח פיור סנס,19,22
בת ים,1736,מבשם אויר שנמשך עד 24 שעות - ניחוח בית מלון,18,18
הוד השרון,1346,נוזל מבשם ומחטא רצפות בניחוח בית מלון - J-FRESH,62,87
הוד השרון,1700,ג'ל כביסה בריח מבושם בית מלון 3 ליטרים,59,100
הוד השרון,1394,מרכך כביסה מרוכז עם בישום יוקרתי - ניחוח בית מלון,52,89
הוד השרון,1392, מרכך כביסה מרוכז עם בישום יוקרתי -ריח סבון מפנק,41,67
הוד השרון,1616,דלי סחבות לחות לניקוי ורענון הרצפה - ניחוח בית מלון,39,40
הוד השרון,1657,מפיץ ריח על בסיס שמנים בניחוח בית מלון,38,64
הוד השרון,1699, מרכך כביסה אולטרה מרוכז בניחוח בית מלון יוקרתי,38,61
הוד השרון,1723,שקיות אשפה ריחניות-ניחוח אושיין,38,52
הוד השרון,1705,נוזל לניקוי כלים בניחוח בית מלון ,33,40
הוד השרון,1466,TASONIL - ג'ל ריחני ואנטי בקטיראלי לניקוי חדרי רחצה ושירותים ומומחה בהסרת אבנית,31,41
הוד השרון,1569,מבשם כביסה וטקסטיל בניחוח בית מלון המקורי,28,35
הוד השרון,1636,שפריצר אקולוגי לניקוי מקלחונים על בסיס לימון FROSCH,27,31
הוד השרון,1916,ג'ל אלכוהול לחיטוי ,26,63
הוד השרון,1211,ספרי קצף אקולוגי לניקוי כללי וחלונות GLASS CLEANER ,25,35
הוד השרון,1556,ספריי מטהר אויר ניחוח בית מלון המקורי,25,42
הוד השרון,1746,נוזל פרקט בניחוח בית מלון,25,31
רמלה,1346,נוזל מבשם ומחטא רצפות בניחוח בית מלון - J-FRESH,98,169
רמלה,1394,מרכך כביסה מרוכז עם בישום יוקרתי - ניחוח בית מלון,68,105
רמלה,1569,מבשם כביסה וטקסטיל בניחוח בית מלון המקורי,64,83
רמלה,1556,ספריי מטהר אויר ניחוח בית מלון המקורי,62,123
רמלה,1616,דלי סחבות לחות לניקוי ורענון הרצפה - ניחוח בית מלון,36,48
רמלה,1736,מבשם אויר שנמשך עד 24 שעות - ניחוח בית מלון,35,51
רמלה,1700,ג'ל כביסה בריח מבושם בית מלון 3 ליטרים,34,42
רמלה,1564,BR75 - נוזל מרוכז לשטיפה וחיטוי כלים סניטרים ומומחה בהסרת אבנית,31,35
רמלה,1705,נוזל לניקוי כלים בניחוח בית מלון ,31,46
רמלה,1657,מפיץ ריח על בסיס שמנים בניחוח בית מלון,27,50
רמלה,1763,TOP GLASS - חומר מקצועי לניקוי חלונות על בסיס כוהל - מסדרת מוצרי TENZI,27,33
רמלה,1699, מרכך כביסה אולטרה מרוכז בניחוח בית מלון יוקרתי,25,30
רמלה,1392, מרכך כביסה מרוכז עם בישום יוקרתי -ריח סבון מפנק,22,56
רמלה,1211,ספרי קצף אקולוגי לניקוי כללי וחלונות GLASS CLEANER ,21,33
רמלה,1466,TASONIL - ג'ל ריחני ואנטי בקטיראלי לניקוי חדרי רחצה ושירותים ומומחה בהסרת אבנית,18,22
רמלה,1393,מרכך  כביסה מרוכז עם בישום יוקרתי - ניחוח טלק תינוקי,15,23
הרצליה,1346,נוזל מבשם ומחטא רצפות בניחוח בית מלון - J-FRESH,50,87
הרצליה,1394,מרכך כביסה מרוכז עם בישום יוקרתי - ניחוח בית מלון,50,67
הרצליה,1569,מבשם כביסה וטקסטיל בניחוח בית מלון המקורי,37,54
הרצליה,1616,דלי סחבות לחות לניקוי ורענון הרצפה - ניחוח בית מלון,32,35
הרצליה,1699, מרכך כביסה אולטרה מרוכז בניחוח בית מלון יוקרתי,32,51
הרצליה,1700,ג'ל כביסה בריח מבושם בית מלון 3 ליטרים,29,38
הרצליה,1657,מפיץ ריח על בסיס שמנים בניחוח בית מלון,23,38
הרצליה,1556,ספריי מטהר אויר ניחוח בית מלון המקורי,23,48
הרצליה,1736,מבשם אויר שנמשך עד 24 שעות - ניחוח בית מלון,22,22
הרצליה,1746,נוזל פרקט בניחוח בית מלון,22,25
הרצליה,1590,פניני ריח בניחוח מרכך הכביסה בית מלון,21,72
הרצליה,1564,BR75 - נוזל מרוכז לשטיפה וחיטוי כלים סניטרים ומומחה בהסרת אבנית,17,17
הרצליה,1916,ג'ל אלכוהול לחיטוי ,16,46
הרצליה,1734,מרכך ומבשם כביסה אולטרה מרוכז בניחוח צליל שקד,15,18
הרצליה,1531,ריחנית מרובעת לאסלה שלישיה,14,15
הרצליה,1723,שקיות אשפה ריחניות-ניחוח אושיין,14,18
מודיעין,1346,נוזל מבשם ומחטא רצפות בניחוח בית מלון - J-FRESH,52,68
מודיעין,1394,מרכך כביסה מרוכז עם בישום יוקרתי - ניחוח בית מלון,50,68
מודיעין,1556,ספריי מטהר אויר ניחוח בית מלון המקורי,34,64
מודיעין,1699, מרכך כביסה אולטרה מרוכז בניחוח בית מלון יוקרתי,32,42
מודיעין,1700,ג'ל כביסה בריח מבושם בית מלון 3 ליטרים,26,34
מודיעין,1624,ספריי מטהר אויר - ניחוח פרש  ,24,46
מודיעין,1569,מבשם כביסה וטקסטיל בניחוח בית מלון המקורי,22,24
מודיעין,1564,BR75 - נוזל מרוכז לשטיפה וחיטוי כלים סניטרים ומומחה בהסרת אבנית,21,24
מודיעין,1748,מרכך כביסה אולטרה מרוכז בניחוח פרש,21,25
מודיעין,1616,דלי סחבות לחות לניקוי ורענון הרצפה - ניחוח בית מלון,20,23
מודיעין,1734,מרכך ומבשם כביסה אולטרה מרוכז בניחוח צליל שקד,20,23
מודיעין,1657,מפיץ ריח על בסיס שמנים בניחוח בית מלון,19,24
מודיעין,1588,נוזל מבשם ומחטא רצפות בניחוח הרמוניית המדבר - J-FRESH,18,52
מודיעין,1705,נוזל לניקוי כלים בניחוח בית מלון ,18,24
מודיעין,1347,נוזל מבשם ומחטא רצפות בניחוח אושיין - J-FRESH,17,19
מודיעין,1617,מרכך כביסה מרוכז עם בישום יוקרתי - ניחוח שירת הפרחים,17,24
נהריה,1346,נוזל מבשם ומחטא רצפות בניחוח בית מלון - J-FRESH,57,84
נהריה,1556,ספריי מטהר אויר ניחוח בית מלון המקורי,38,59
נהריה,1736,מבשם אויר שנמשך עד 24 שעות - ניחוח בית מלון,36,39
נהריה,1569,מבשם כביסה וטקסטיל בניחוח בית מלון המקורי,30,39
נהריה,1699, מרכך כביסה אולטרה מרוכז בניחוח בית מלון יוקרתי,29,33
נהריה,1564,BR75 - נוזל מרוכז לשטיפה וחיטוי כלים סניטרים ומומחה בהסרת אבנית,28,30
נהריה,1394,מרכך כביסה מרוכז עם בישום יוקרתי - ניחוח בית מלון,23,34
נהריה,1377,"OXY - מסיר כתמים קשים משטיחים, בגדים וריפודים",23,27
נהריה,1700,ג'ל כביסה בריח מבושם בית מלון 3 ליטרים,23,31
נהריה,1657,מפיץ ריח על בסיס שמנים בניחוח בית מלון,21,26
נהריה,1616,דלי סחבות לחות לניקוי ורענון הרצפה - ניחוח בית מלון,20,23
נהריה,1669, מבשם כביסה צליל שקד  700 מ&quot;ל,19,20
נהריה,1698,נוזל מבשם ומחטא רצפות בניחוח צליל שקד - J-FRESH,19,26
נהריה,1763,TOP GLASS - חומר מקצועי לניקוי חלונות על בסיס כוהל - מסדרת מוצרי TENZI,19,24
נהריה,1705,נוזל לניקוי כלים בניחוח בית מלון ,17,19
נהריה,1466,TASONIL - ג'ל ריחני ואנטי בקטיראלי לניקוי חדרי רחצה ושירותים ומומחה בהסרת אבנית,16,16
נס ציונה,1346,נוזל מבשם ומחטא רצפות בניחוח בית מלון - J-FRESH,55,80
נס ציונה,1394,מרכך כביסה מרוכז עם בישום יוקרתי - ניחוח בית מלון,49,78
נס ציונה,1700,ג'ל כביסה בריח מבושם בית מלון 3 ליטרים,40,90
נס ציונה,1569,מבשם כביסה וטקסטיל בניחוח בית מלון המקורי,31,36
נס ציונה,1705,נוזל לניקוי כלים בניחוח בית מלון ,28,37
נס ציונה,1616,דלי סחבות לחות לניקוי ורענון הרצפה - ניחוח בית מלון,26,32
נס ציונה,1657,מפיץ ריח על בסיס שמנים בניחוח בית מלון,25,34
נס ציונה,1556,ספריי מטהר אויר ניחוח בית מלון המקורי,22,34
נס ציונה,1357,נוזל מבשם ומחטא רצפות בניחוח ארומה ספא - J-FRESH,19,21
נס ציונה,1699, מרכך כביסה אולטרה מרוכז בניחוח בית מלון יוקרתי,19,21
נס ציונה,1590,פניני ריח בניחוח מרכך הכביסה בית מלון,18,32
נס ציונה,1531,ריחנית מרובעת לאסלה שלישיה,16,19
נס ציונה,1736,מבשם אויר שנמשך עד 24 שעות - ניחוח בית מלון,16,16
נס ציונה,1392, מרכך כביסה מרוכז עם בישום יוקרתי -ריח סבון מפנק,15,33
נס ציונה,1564,BR75 - נוזל מרוכז לשטיפה וחיטוי כלים סניטרים ומומחה בהסרת אבנית,15,16
נס ציונה,1746,נוזל פרקט בניחוח בית מלון,15,19
קרית אתא,1346,נוזל מבשם ומחטא רצפות בניחוח בית מלון - J-FRESH,53,80
קרית אתא,1394,מרכך כביסה מרוכז עם בישום יוקרתי - ניחוח בית מלון,50,80
קרית אתא,1392, מרכך כביסה מרוכז עם בישום יוקרתי -ריח סבון מפנק,34,41
קרית אתא,1700,ג'ל כביסה בריח מבושם בית מלון 3 ליטרים,34,45
קרית אתא,1556,ספריי מטהר אויר ניחוח בית מלון המקורי,25,42
קרית אתא,1393,מרכך  כביסה מרוכז עם בישום יוקרתי - ניחוח טלק תינוקי,25,26
קרית אתא,1699, מרכך כביסה אולטרה מרוכז בניחוח בית מלון יוקרתי,25,29
קרית אתא,1616,דלי סחבות לחות לניקוי ורענון הרצפה - ניחוח בית מלון,22,22
קרית אתא,1569,מבשם כביסה וטקסטיל בניחוח בית מלון המקורי,21,25
קרית אתא,1347,נוזל מבשם ומחטא רצפות בניחוח אושן - J-FRESH,21,31
קרית אתא,1705,נוזל לניקוי כלים בניחוח בית מלון ,18,20
קרית אתא,1734,מרכך ומבשם כביסה אולטרה מרוכז בניחוח צליל שקד,18,21
קרית אתא,1657,מפיץ ריח על בסיס שמנים בניחוח בית מלון,15,16
קרית אתא,1357,נוזל מבשם ומחטא רצפות בניחוח ארומה ספא - J-FRESH,14,19
קרית אתא,1617,מרכך כביסה מרוכז עם בישום יוקרתי - ניחוח שירת הפרחים,14,21
קרית אתא,1588,נוזל רצפה מבושם -ריח הרמוניית המדבר    &quot;J-FRESH&quot;,14,22
עפולה,1346,נוזל מבשם ומחטא רצפות בניחוח בית מלון - J-FRESH,87,131
עפולה,1394,מרכך כביסה מרוכז עם בישום יוקרתי - ניחוח בית מלון,56,77
עפולה,1569,מבשם כביסה וטקסטיל בניחוח בית מלון המקורי,55,66
עפולה,1556,ספריי מטהר אויר ניחוח בית מלון המקורי,53,97
עפולה,1616,דלי סחבות לחות לניקוי ורענון הרצפה - ניחוח בית מלון,35,40
עפולה,1657,מפיץ ריח על בסיס שמנים בניחוח בית מלון,25,36
עפולה,1377,"OXY - מסיר כתמים קשים משטיחים, בגדים וריפודים",24,24
עפולה,1700,ג'ל כביסה בריח מבושם בית מלון 3 ליטרים,24,32
עפולה,1699, מרכך כביסה אולטרה מרוכז בניחוח בית מלון יוקרתי,24,32
עפולה,1668,ספריי מטהר אויר - ניחוח צליל שקד,22,46
עפולה,1734,מרכך ומבשם כביסה אולטרה מרוכז בניחוח צליל שקד,22,29
עפולה,1698,נוזל מבשם ומחטא רצפות בניחוח צליל שקד - J-FRESH,21,26
עפולה,1393,מרכך  כביסה  מרוכז סגול 4 ליטר -ריח טלק תינוקי,18,28
עפולה,1736,מבשם אויר שנמשך עד 24 שעות - ניחוח בית מלון,18,29
עפולה,1564,BR75 - נוזל מרוכז לשטיפה וחיטוי כלים סניטרים ומומחה בהסרת אבנית,17,18
עפולה,1249,גרניט פורצלן ושיש  5ליטר SR13,16,16
מעלה אדומים,1556,ספריי מטהר אויר ניחוח בית מלון המקורי,40,71
מעלה אדומים,1346,נוזל מבשם ומחטא רצפות בניחוח בית מלון - J-FRESH,39,64
מעלה אדומים,1736,מבשם אויר שנמשך עד 24 שעות - ניחוח בית מלון,31,41
מעלה אדומים,1699, מרכך כביסה אולטרה מרוכז בניחוח בית מלון יוקרתי,28,37
מעלה אדומים,1657,מפיץ ריח על בסיס שמנים בניחוח בית מלון,27,47
מעלה אדומים,1394,מרכך כביסה מרוכז עם בישום יוקרתי - ניחוח בית מלון,20,28
מעלה אדומים,1568,מבשם כביסה וטקסטיל בניחוח סבון מפנק,20,22
מעלה אדומים,1590,פניני ריח בניחוח מרכך הכביסה בית מלון,19,22
מעלה אדומים,1700,ג'ל כביסה בריח מבושם בית מלון 3 ליטרים,18,22
מעלה אדומים,1734,מרכך ומבשם כביסה אולטרה מרוכז בניחוח צליל שקד,18,21
מעלה אדומים,1248,SR13 - חומר שטיפה לגרניט פורצלן ושיש,16,19
מעלה אדומים,1466,TASONIL - ג'ל ריחני ואנטי בקטיראלי לניקוי חדרי רחצה ושירותים ומומחה בהסרת אבנית,15,19
מעלה אדומים,1569,מבשם כביסה וטקסטיל בניחוח בית מלון המקורי,15,21
מעלה אדומים,1392, מרכך כביסה מרוכז עם בישום יוקרתי -ריח סבון מפנק,15,24
מעלה אדומים,1636,שפריצר אקולוגי לניקוי מקלחונים על בסיס לימון FROSCH,14,17
מעלה אדומים,1531,ריחנית מרובעת לאסלה שלישיה,13,13
כרמיאל,1346,נוזל מבשם ומחטא רצפות בניחוח בית מלון - J-FRESH,48,71
כרמיאל,1700,ג'ל כביסה בריח מבושם בית מלון 3 ליטרים,31,40
כרמיאל,1249,גרניט פורצלן ושיש  5ליטר SR13,30,35
כרמיאל,1556,ספריי מטהר אויר ניחוח בית מלון המקורי,29,82
כרמיאל,1616,דלי סחבות לחות לניקוי ורענון הרצפה - ניחוח בית מלון,25,26
כרמיאל,1394,מרכך כביסה מרוכז עם בישום יוקרתי - ניחוח בית מלון,24,30
כרמיאל,1569,מבשם כביסה וטקסטיל בניחוח בית מלון המקורי,22,26
כרמיאל,1347,נוזל מבשם ומחטא רצפות בניחוח אושיין - J-FRESH,22,40
כרמיאל,1699, מרכך כביסה אולטרה מרוכז בניחוח בית מלון יוקרתי,21,29
כרמיאל,1564,BR75 - נוזל מרוכז לשטיפה וחיטוי כלים סניטרים ומומחה בהסרת אבנית,18,18
כרמיאל,1705,נוזל לניקוי כלים בניחוח בית מלון ,18,23
כרמיאל,1657,מפיץ ריח על בסיס שמנים בניחוח בית מלון,17,23
כרמיאל,1736,מבשם אויר שנמשך עד 24 שעות - ניחוח בית מלון,16,23
כרמיאל,1698,נוזל מבשם ומחטא רצפות בניחוח צליל שקד - J-FRESH,13,17
כרמיאל,1590,פניני ריח בניחוח מרכך הכביסה בית מלון,12,26
כרמיאל,1734,מרכך ומבשם כביסה אולטרה מרוכז בניחוח צליל שקד,12,14
רמת השרון,1346,נוזל מבשם ומחטא רצפות בניחוח בית מלון - J-FRESH,53,83
רמת השרון,1569,מבשם כביסה וטקסטיל בניחוח בית מלון המקורי,44,59
רמת השרון,1700,ג'ל כביסה בריח מבושם בית מלון 3 ליטרים,42,96
רמת השרון,1394,מרכך כביסה מרוכז עם בישום יוקרתי - ניחוח בית מלון,41,88
רמת השרון,1699, מרכך כביסה אולטרה מרוכז בניחוח בית מלון יוקרתי,39,77
רמת השרון,1657,מפיץ ריח על בסיס שמנים בניחוח בית מלון,30,41
רמת השרון,1392, מרכך כביסה מרוכז עם בישום יוקרתי -ריח סבון מפנק,26,46
רמת השרון,1736,מבשם אויר שנמשך עד 24 שעות - ניחוח בית מלון,26,37
רמת השרון,1568,מבשם כביסה וטקסטיל בניחוח סבון מפנק,24,33
רמת השרון,1531,ריחנית מרובעת לאסלה שלישיה,23,28
רמת השרון,1616,דלי סחבות לחות לניקוי ורענון הרצפה - ניחוח בית מלון,23,24
רמת השרון,1211,ספרי קצף אקולוגי לניקוי כללי וחלונות GLASS CLEANER ,21,42
רמת השרון,1746,נוזל פרקט בניחוח בית מלון,20,22
רמת השרון,1722,מרכך כביסה אולטרה מרוכז במיוחד בניחוח רני דרים ,19,26
רמת השרון,1393,מרכך  כביסה מרוכז עם בישום יוקרתי - ניחוח טלק תינוקי,18,28
רמת השרון,1705,נוזל לניקוי כלים בניחוח בית מלון ,18,38
